step,status,age_min,age_max,node_count
1,live,0,0,0
1,live,1,1,4525
1,live,2,3,0
1,live,4,7,0
1,live,8,15,0
1,live,16,31,0
1,live,32,63,0
1,live,64,127,0
1,live,128,255,0
1,live,256,,0
1,removed,0,0,3279
1,removed,1,1,0
1,removed,2,3,0
1,removed,4,7,0
1,removed,8,15,0
1,removed,16,31,0
1,removed,32,63,0
1,removed,64,127,0
1,removed,128,255,0
1,removed,256,,0
2,live,0,0,0
2,live,1,1,34947
2,live,2,3,3867
2,live,4,7,0
2,live,8,15,0
2,live,16,31,0
2,live,32,63,0
2,live,64,127,0
2,live,128,255,0
2,live,256,,0
2,removed,0,0,10609
2,removed,1,1,658
2,removed,2,3,0
2,removed,4,7,0
2,removed,8,15,0
2,removed,16,31,0
2,removed,32,63,0
2,removed,64,127,0
2,removed,128,255,0
2,removed,256,,0
3,live,0,0,0
3,live,1,1,36640
3,live,2,3,19086
3,live,4,7,0
3,live,8,15,0
3,live,16,31,0
3,live,32,63,0
3,live,64,127,0
3,live,128,255,0
3,live,256,,0
3,removed,0,0,14227
3,removed,1,1,18316
3,removed,2,3,1412
3,removed,4,7,0
3,removed,8,15,0
3,removed,16,31,0
3,removed,32,63,0
3,removed,64,127,0
3,removed,128,255,0
3,removed,256,,0
4,live,0,0,0
4,live,1,1,33231
4,live,2,3,38430
4,live,4,7,2166
4,live,8,15,0
4,live,16,31,0
4,live,32,63,0
4,live,64,127,0
4,live,128,255,0
4,live,256,,0
4,removed,0,0,18248
4,removed,1,1,11966
4,removed,2,3,3164
4,removed,4,7,0
4,removed,8,15,0
4,removed,16,31,0
4,removed,32,63,0
4,removed,64,127,0
4,removed,128,255,0
4,removed,256,,0
5,live,0,0,0
5,live,1,1,30662
5,live,2,3,40796
5,live,4,7,14835
5,live,8,15,0
5,live,16,31,0
5,live,32,63,0
5,live,64,127,0
5,live,128,255,0
5,live,256,,0
5,removed,0,0,20966
5,removed,1,1,9422
5,removed,2,3,8681
5,removed,4,7,93
5,removed,8,15,0
5,removed,16,31,0
5,removed,32,63,0
5,removed,64,127,0
5,removed,128,255,0
5,removed,256,,0
6,live,0,0,0
6,live,1,1,28745
6,live,2,3,37542
6,live,4,7,27536
6,live,8,15,0
6,live,16,31,0
6,live,32,63,0
6,live,64,127,0
6,live,128,255,0
6,live,256,,0
6,removed,0,0,22906
6,removed,1,1,13017
6,removed,2,3,7770
6,removed,4,7,428
6,removed,8,15,0
6,removed,16,31,0
6,removed,32,63,0
6,removed,64,127,0
6,removed,128,255,0
6,removed,256,,0
7,live,0,0,0
7,live,1,1,29693
7,live,2,3,29553
7,live,4,7,43087
7,live,8,15,0
7,live,16,31,0
7,live,32,63,0
7,live,64,127,0
7,live,128,255,0
7,live,256,,0
7,removed,0,0,21967
7,removed,1,1,11214
7,removed,2,3,7468
7,removed,4,7,2501
7,removed,8,15,0
7,removed,16,31,0
7,removed,32,63,0
7,removed,64,127,0
7,removed,128,255,0
7,removed,256,,0
8,live,0,0,0
8,live,1,1,28983
8,live,2,3,29223
8,live,4,7,46912
8,live,8,15,1964
8,live,16,31,0
8,live,32,63,0
8,live,64,127,0
8,live,128,255,0
8,live,256,,0
8,removed,0,0,22671
8,removed,1,1,12271
8,removed,2,3,9081
8,removed,4,7,2882
8,removed,8,15,0
8,removed,16,31,0
8,removed,32,63,0
8,removed,64,127,0
8,removed,128,255,0
8,removed,256,,0
9,live,0,0,0
9,live,1,1,28890
9,live,2,3,28907
9,live,4,7,40121
9,live,8,15,13699
9,live,16,31,0
9,live,32,63,0
9,live,64,127,0
9,live,128,255,0
9,live,256,,0
9,removed,0,0,22764
9,removed,1,1,11778
9,removed,2,3,8778
9,removed,4,7,3797
9,removed,8,15,2
9,removed,16,31,0
9,removed,32,63,0
9,removed,64,127,0
9,removed,128,255,0
9,removed,256,,0
10,live,0,0,0
10,live,1,1,28390
10,live,2,3,28332
10,live,4,7,35270
10,live,8,15,21575
10,live,16,31,0
10,live,32,63,0
10,live,64,127,0
10,live,128,255,0
10,live,256,,0
10,removed,0,0,23263
10,removed,1,1,12123
10,removed,2,3,8903
10,removed,4,7,5244
10,removed,8,15,170
10,removed,16,31,0
10,removed,32,63,0
10,removed,64,127,0
10,removed,128,255,0
10,removed,256,,0
11,live,0,0,0
11,live,1,1,28441
11,live,2,3,27905
11,live,4,7,24134
11,live,8,15,35583
11,live,16,31,0
11,live,32,63,0
11,live,64,127,0
11,live,128,255,0
11,live,256,,0
11,removed,0,0,23215
11,removed,1,1,11849
11,removed,2,3,8471
11,removed,4,7,4864
11,removed,8,15,761
11,removed,16,31,0
11,removed,32,63,0
11,removed,64,127,0
11,removed,128,255,0
11,removed,256,,0
12,live,0,0,0
12,live,1,1,27504
12,live,2,3,26875
12,live,4,7,23844
12,live,8,15,37887
12,live,16,31,0
12,live,32,63,0
12,live,64,127,0
12,live,128,255,0
12,live,256,,0
12,removed,0,0,24154
12,removed,1,1,12289
12,removed,2,3,8951
12,removed,4,7,5241
12,removed,8,15,976
12,removed,16,31,0
12,removed,32,63,0
12,removed,64,127,0
12,removed,128,255,0
12,removed,256,,0
13,live,0,0,0
13,live,1,1,28449
13,live,2,3,27049
13,live,4,7,23527
13,live,8,15,39608
13,live,16,31,0
13,live,32,63,0
13,live,64,127,0
13,live,128,255,0
13,live,256,,0
13,removed,0,0,23207
13,removed,1,1,11215
13,removed,2,3,8200
13,removed,4,7,4988
13,removed,8,15,1523
13,removed,16,31,0
13,removed,32,63,0
13,removed,64,127,0
13,removed,128,255,0
13,removed,256,,0
14,live,0,0,0
14,live,1,1,27290
14,live,2,3,26419
14,live,4,7,22392
14,live,8,15,40822
14,live,16,31,0
14,live,32,63,0
14,live,64,127,0
14,live,128,255,0
14,live,256,,0
14,removed,0,0,24370
14,removed,1,1,12460
14,removed,2,3,9089
14,removed,4,7,5422
14,removed,8,15,2029
14,removed,16,31,0
14,removed,32,63,0
14,removed,64,127,0
14,removed,128,255,0
14,removed,256,,0
15,live,0,0,0
15,live,1,1,26911
15,live,2,3,25133
15,live,4,7,21698
15,live,8,15,42128
15,live,16,31,0
15,live,32,63,0
15,live,64,127,0
15,live,128,255,0
15,live,256,,0
15,removed,0,0,24760
15,removed,1,1,12346
15,removed,2,3,8855
15,removed,4,7,4770
15,removed,8,15,1993
15,removed,16,31,0
15,removed,32,63,0
15,removed,64,127,0
15,removed,128,255,0
15,removed,256,,0
16,live,0,0,0
16,live,1,1,27511
16,live,2,3,25563
16,live,4,7,21214
16,live,8,15,41460
16,live,16,31,1750
16,live,32,63,0
16,live,64,127,0
16,live,128,255,0
16,live,256,,0
16,removed,0,0,24155
16,removed,1,1,11289
16,removed,2,3,7877
16,removed,4,7,4662
16,removed,8,15,2055
16,removed,16,31,0
16,removed,32,63,0
16,removed,64,127,0
16,removed,128,255,0
16,removed,256,,0
17,live,0,0,0
17,live,1,1,26482
17,live,2,3,24930
17,live,4,7,20059
17,live,8,15,32289
17,live,16,31,11711
17,live,32,63,0
17,live,64,127,0
17,live,128,255,0
17,live,256,,0
17,removed,0,0,25189
17,removed,1,1,12527
17,removed,2,3,8710
17,removed,4,7,5075
17,removed,8,15,2177
17,removed,16,31,20
17,removed,32,63,0
17,removed,64,127,0
17,removed,128,255,0
17,removed,256,,0
18,live,0,0,0
18,live,1,1,26334
18,live,2,3,23932
18,live,4,7,19215
18,live,8,15,26609
18,live,16,31,17920
18,live,32,63,0
18,live,64,127,0
18,live,128,255,0
18,live,256,,0
18,removed,0,0,25315
18,removed,1,1,11955
18,removed,2,3,8722
18,removed,4,7,4872
18,removed,8,15,2244
18,removed,16,31,2
18,removed,32,63,0
18,removed,64,127,0
18,removed,128,255,0
18,removed,256,,0
19,live,0,0,0
19,live,1,1,26256
19,live,2,3,23341
19,live,4,7,18854
19,live,8,15,13780
19,live,16,31,30859
19,live,32,63,0
19,live,64,127,0
19,live,128,255,0
19,live,256,,0
19,removed,0,0,25422
19,removed,1,1,12219
19,removed,2,3,8094
19,removed,4,7,4329
19,removed,8,15,1964
19,removed,16,31,570
19,removed,32,63,0
19,removed,64,127,0
19,removed,128,255,0
19,removed,256,,0
20,live,0,0,0
20,live,1,1,25713
20,live,2,3,22148
20,live,4,7,17445
20,live,8,15,13175
20,live,16,31,31847
20,live,32,63,0
20,live,64,127,0
20,live,128,255,0
20,live,256,,0
20,removed,0,0,25974
20,removed,1,1,12650
20,removed,2,3,8659
20,removed,4,7,4893
20,removed,8,15,2168
20,removed,16,31,105
20,removed,32,63,0
20,removed,64,127,0
20,removed,128,255,0
20,removed,256,,0
21,live,0,0,0
21,live,1,1,25203
21,live,2,3,20632
21,live,4,7,16001
21,live,8,15,12010
21,live,16,31,32608
21,live,32,63,0
21,live,64,127,0
21,live,128,255,0
21,live,256,,0
21,removed,0,0,26484
21,removed,1,1,13016
21,removed,2,3,8727
21,removed,4,7,4683
21,removed,8,15,2512
21,removed,16,31,139
21,removed,32,63,0
21,removed,64,127,0
21,removed,128,255,0
21,removed,256,,0
22,live,0,0,0
22,live,1,1,24093
22,live,2,3,19196
22,live,4,7,14635
22,live,8,15,11331
22,live,16,31,33194
22,live,32,63,0
22,live,64,127,0
22,live,128,255,0
22,live,256,,0
22,removed,0,0,27615
22,removed,1,1,13096
22,removed,2,3,8326
22,removed,4,7,4413
22,removed,8,15,2014
22,removed,16,31,249
22,removed,32,63,0
22,removed,64,127,0
22,removed,128,255,0
22,removed,256,,0
23,live,0,0,0
23,live,1,1,23747
23,live,2,3,18473
23,live,4,7,13364
23,live,8,15,10573
23,live,16,31,33884
23,live,32,63,0
23,live,64,127,0
23,live,128,255,0
23,live,256,,0
23,removed,0,0,27942
23,removed,1,1,12416
23,removed,2,3,7898
23,removed,4,7,3821
23,removed,8,15,1832
23,removed,16,31,188
23,removed,32,63,0
23,removed,64,127,0
23,removed,128,255,0
23,removed,256,,0
24,live,0,0,0
24,live,1,1,23326
24,live,2,3,18095
24,live,4,7,11982
24,live,8,15,9813
24,live,16,31,34448
24,live,32,63,0
24,live,64,127,0
24,live,128,255,0
24,live,256,,0
24,removed,0,0,28406
24,removed,1,1,12265
24,removed,2,3,7604
24,removed,4,7,3793
24,removed,8,15,1868
24,removed,16,31,173
24,removed,32,63,0
24,removed,64,127,0
24,removed,128,255,0
24,removed,256,,0
25,live,0,0,0
25,live,1,1,22555
25,live,2,3,17507
25,live,4,7,11230
25,live,8,15,8741
25,live,16,31,34606
25,live,32,63,0
25,live,64,127,0
25,live,128,255,0
25,live,256,,0
25,removed,0,0,29211
25,removed,1,1,12209
25,removed,2,3,7487
25,removed,4,7,3395
25,removed,8,15,1939
25,removed,16,31,550
25,removed,32,63,0
25,removed,64,127,0
25,removed,128,255,0
25,removed,256,,0
26,live,0,0,0
26,live,1,1,21541
26,live,2,3,16129
26,live,4,7,10476
26,live,8,15,8130
26,live,16,31,35082
26,live,32,63,0
26,live,64,127,0
26,live,128,255,0
26,live,256,,0
26,removed,0,0,30223
26,removed,1,1,12307
26,removed,2,3,7655
26,removed,4,7,3172
26,removed,8,15,1462
26,removed,16,31,226
26,removed,32,63,0
26,removed,64,127,0
26,removed,128,255,0
26,removed,256,,0
27,live,0,0,0
27,live,1,1,20479
27,live,2,3,14211
27,live,4,7,8906
27,live,8,15,7035
27,live,16,31,35220
27,live,32,63,0
27,live,64,127,0
27,live,128,255,0
27,live,256,,0
27,removed,0,0,31355
27,removed,1,1,12520
27,removed,2,3,7739
27,removed,4,7,3527
27,removed,8,15,1691
27,removed,16,31,509
27,removed,32,63,0
27,removed,64,127,0
27,removed,128,255,0
27,removed,256,,0
28,live,0,0,0
28,live,1,1,20318
28,live,2,3,13053
28,live,4,7,8059
28,live,8,15,6508
28,live,16,31,35572
28,live,32,63,0
28,live,64,127,0
28,live,128,255,0
28,live,256,,0
28,removed,0,0,31578
28,removed,1,1,11845
28,removed,2,3,6872
28,removed,4,7,2681
28,removed,8,15,1032
28,removed,16,31,229
28,removed,32,63,0
28,removed,64,127,0
28,removed,128,255,0
28,removed,256,,0
29,live,0,0,0
29,live,1,1,19706
29,live,2,3,12512
29,live,4,7,6742
29,live,8,15,5925
29,live,16,31,35594
29,live,32,63,0
29,live,64,127,0
29,live,128,255,0
29,live,256,,0
29,removed,0,0,32346
29,removed,1,1,11961
29,removed,2,3,6496
29,removed,4,7,2666
29,removed,8,15,1090
29,removed,16,31,524
29,removed,32,63,0
29,removed,64,127,0
29,removed,128,255,0
29,removed,256,,0
30,live,0,0,0
30,live,1,1,17928
30,live,2,3,11804
30,live,4,7,5960
30,live,8,15,5259
30,live,16,31,35923
30,live,32,63,0
30,live,64,127,0
30,live,128,255,0
30,live,256,,0
30,removed,0,0,34233
30,removed,1,1,11966
30,removed,2,3,6170
30,removed,4,7,2248
30,removed,8,15,928
30,removed,16,31,221
30,removed,32,63,0
30,removed,64,127,0
30,removed,128,255,0
30,removed,256,,0
31,live,0,0,0
31,live,1,1,18023
31,live,2,3,10375
31,live,4,7,5256
31,live,8,15,4840
31,live,16,31,35993
31,live,32,63,0
31,live,64,127,0
31,live,128,255,0
31,live,256,,0
31,removed,0,0,34339
31,removed,1,1,11219
31,removed,2,3,6081
31,removed,4,7,1993
31,removed,8,15,671
31,removed,16,31,446
31,removed,32,63,0
31,removed,64,127,0
31,removed,128,255,0
31,removed,256,,0
32,live,0,0,0
32,live,1,1,17259
32,live,2,3,9729
32,live,4,7,4808
32,live,8,15,4415
32,live,16,31,34540
32,live,32,63,1648
32,live,64,127,0
32,live,128,255,0
32,live,256,,0
32,removed,0,0,35447
32,removed,1,1,11220
32,removed,2,3,5484
32,removed,4,7,1747
32,removed,8,15,605
32,removed,16,31,291
32,removed,32,63,0
32,removed,64,127,0
32,removed,128,255,0
32,removed,256,,0
33,live,0,0,0
33,live,1,1,16754
33,live,2,3,9103
33,live,4,7,3937
33,live,8,15,4087
33,live,16,31,25162
33,live,32,63,10884
33,live,64,127,0
33,live,128,255,0
33,live,256,,0
33,removed,0,0,36410
33,removed,1,1,11219
33,removed,2,3,5199
33,removed,4,7,1764
33,removed,8,15,454
33,removed,16,31,586
33,removed,32,63,4
33,removed,64,127,0
33,removed,128,255,0
33,removed,256,,0
34,live,0,0,0
34,live,1,1,17381
34,live,2,3,8782
34,live,4,7,3936
34,live,8,15,3865
34,live,16,31,19218
34,live,32,63,16771
34,live,64,127,0
34,live,128,255,0
34,live,256,,0
34,removed,0,0,36387
34,removed,1,1,10645
34,removed,2,3,4765
34,removed,4,7,1133
34,removed,8,15,305
34,removed,16,31,437
34,removed,32,63,70
34,removed,64,127,0
34,removed,128,255,0
34,removed,256,,0
35,live,0,0,0
35,live,1,1,17739
35,live,2,3,9246
35,live,4,7,3863
35,live,8,15,3599
35,live,16,31,7120
35,live,32,63,28101
35,live,64,127,0
35,live,128,255,0
35,live,256,,0
35,removed,0,0,37009
35,removed,1,1,11018
35,removed,2,3,4378
35,removed,4,7,1123
35,removed,8,15,311
35,removed,16,31,900
35,removed,32,63,294
35,removed,64,127,0
35,removed,128,255,0
35,removed,256,,0
36,live,0,0,0
36,live,1,1,18726
36,live,2,3,9473
36,live,4,7,3592
36,live,8,15,3402
36,live,16,31,6759
36,live,32,63,27314
36,live,64,127,0
36,live,128,255,0
36,live,256,,0
36,removed,0,0,37426
36,removed,1,1,11072
36,removed,2,3,4934
36,removed,4,7,1256
36,removed,8,15,314
36,removed,16,31,284
36,removed,32,63,1268
36,removed,64,127,0
36,removed,128,255,0
36,removed,256,,0
37,live,0,0,0
37,live,1,1,26205
37,live,2,3,12069
37,live,4,7,3812
37,live,8,15,3083
37,live,16,31,6265
37,live,32,63,25686
37,live,64,127,0
37,live,128,255,0
37,live,256,,0
37,removed,0,0,31524
37,removed,1,1,10285
37,removed,2,3,4189
37,removed,4,7,1011
37,removed,8,15,360
37,removed,16,31,448
37,removed,32,63,2058
37,removed,64,127,0
37,removed,128,255,0
37,removed,256,,0
38,live,0,0,0
38,live,1,1,32576
38,live,2,3,15485
38,live,4,7,4078
38,live,8,15,2395
38,live,16,31,4890
38,live,32,63,20462
38,live,64,127,0
38,live,128,255,0
38,live,256,,0
38,removed,0,0,26049
38,removed,1,1,15036
38,removed,2,3,5810
38,removed,4,7,1320
38,removed,8,15,758
38,removed,16,31,1337
38,removed,32,63,5549
38,removed,64,127,0
38,removed,128,255,0
38,removed,256,,0
39,live,0,0,0
39,live,1,1,34310
39,live,2,3,23463
39,live,4,7,4719
39,live,8,15,1813
39,live,16,31,3471
39,live,32,63,13224
39,live,64,127,0
39,live,128,255,0
39,live,256,,0
39,removed,0,0,19345
39,removed,1,1,14857
39,removed,2,3,7339
39,removed,4,7,1457
39,removed,8,15,668
39,removed,16,31,1411
39,removed,32,63,7464
39,removed,64,127,0
39,removed,128,255,0
39,removed,256,,0
40,live,0,0,0
40,live,1,1,30791
40,live,2,3,30255
40,live,4,7,5717
40,live,8,15,1494
40,live,16,31,2629
40,live,32,63,10066
40,live,64,127,0
40,live,128,255,0
40,live,256,,0
40,removed,0,0,11547
40,removed,1,1,14770
40,removed,2,3,9642
40,removed,4,7,1792
40,removed,8,15,481
40,removed,16,31,836
40,removed,32,63,3318
40,removed,64,127,0
40,removed,128,255,0
40,removed,256,,0
41,live,0,0,0
41,live,1,1,23405
41,live,2,3,29329
41,live,4,7,9873
41,live,8,15,1132
41,live,16,31,1719
41,live,32,63,6554
41,live,64,127,0
41,live,128,255,0
41,live,256,,0
41,removed,0,0,13266
41,removed,1,1,13048
41,removed,2,3,12164
41,removed,4,7,2069
41,removed,8,15,544
41,removed,16,31,898
41,removed,32,63,3622
41,removed,64,127,0
41,removed,128,255,0
41,removed,256,,0
42,live,0,0,0
42,live,1,1,31212
42,live,2,3,25439
42,live,4,7,13815
42,live,8,15,1000
42,live,16,31,1099
42,live,32,63,4731
42,live,64,127,0
42,live,128,255,0
42,live,256,,0
42,removed,0,0,17947
42,removed,1,1,9419
42,removed,2,3,10396
42,removed,4,7,3193
42,removed,8,15,418
42,removed,16,31,614
42,removed,32,63,1888
42,removed,64,127,0
42,removed,128,255,0
42,removed,256,,0
43,live,0,0,0
43,live,1,1,33714
43,live,2,3,31140
43,live,4,7,18929
43,live,8,15,1163
43,live,16,31,808
43,live,32,63,3691
43,live,64,127,0
43,live,128,255,0
43,live,256,,0
43,removed,0,0,16083
43,removed,1,1,9917
43,removed,2,3,6847
43,removed,4,7,3196
43,removed,8,15,229
43,removed,16,31,265
43,removed,32,63,1111
43,removed,64,127,0
43,removed,128,255,0
43,removed,256,,0
44,live,0,0,0
44,live,1,1,35334
44,live,2,3,41327
44,live,4,7,23574
44,live,8,15,1764
44,live,16,31,718
44,live,32,63,3235
44,live,64,127,0
44,live,128,255,0
44,live,256,,0
44,removed,0,0,15824
44,removed,1,1,9056
44,removed,2,3,6302
44,removed,4,7,2684
44,removed,8,15,189
44,removed,16,31,97
44,removed,32,63,499
44,removed,64,127,0
44,removed,128,255,0
44,removed,256,,0
45,live,0,0,0
45,live,1,1,35624
45,live,2,3,43615
45,live,4,7,31959
45,live,8,15,4197
45,live,16,31,631
45,live,32,63,2946
45,live,64,127,0
45,live,128,255,0
45,live,256,,0
45,removed,0,0,15497
45,removed,1,1,11413
45,removed,2,3,7751
45,removed,4,7,2864
45,removed,8,15,177
45,removed,16,31,76
45,removed,32,63,323
45,removed,64,127,0
45,removed,128,255,0
45,removed,256,,0
46,live,0,0,0
46,live,1,1,36307
46,live,2,3,42300
46,live,4,7,42906
46,live,8,15,8203
46,live,16,31,600
46,live,32,63,2736
46,live,64,127,0
46,live,128,255,0
46,live,256,,0
46,removed,0,0,14808
46,removed,1,1,12472
46,removed,2,3,7104
46,removed,4,7,2082
46,removed,8,15,290
46,removed,16,31,34
46,removed,32,63,245
46,removed,64,127,0
46,removed,128,255,0
46,removed,256,,0
47,live,0,0,0
47,live,1,1,31104
47,live,2,3,40585
47,live,4,7,50824
47,live,8,15,14070
47,live,16,31,597
47,live,32,63,2708
47,live,64,127,0
47,live,128,255,0
47,live,256,,0
47,removed,0,0,20544
47,removed,1,1,12503
47,removed,2,3,9099
47,removed,4,7,2296
47,removed,8,15,286
47,removed,16,31,15
47,removed,32,63,69
47,removed,64,127,0
47,removed,128,255,0
47,removed,256,,0
48,live,0,0,0
48,live,1,1,29294
48,live,2,3,38500
48,live,4,7,55746
48,live,8,15,19193
48,live,16,31,608
48,live,32,63,2677
48,live,64,127,0
48,live,128,255,0
48,live,256,,0
48,removed,0,0,22361
48,removed,1,1,11129
48,removed,2,3,8633
48,removed,4,7,2988
48,removed,8,15,326
48,removed,16,31,23
48,removed,32,63,65
48,removed,64,127,0
48,removed,128,255,0
48,removed,256,,0
49,live,0,0,0
49,live,1,1,29660
49,live,2,3,33083
49,live,4,7,57297
49,live,8,15,30802
49,live,16,31,637
49,live,32,63,2702
49,live,64,127,0
49,live,128,255,0
49,live,256,,0
49,removed,0,0,22005
49,removed,1,1,11701
49,removed,2,3,7145
49,removed,4,7,2413
49,removed,8,15,200
49,removed,16,31,3
49,removed,32,63,35
49,removed,64,127,0
49,removed,128,255,0
49,removed,256,,0
50,live,0,0,0
50,live,1,1,29074
50,live,2,3,29729
50,live,4,7,52208
50,live,8,15,45109
50,live,16,31,758
50,live,32,63,2735
50,live,64,127,0
50,live,128,255,0
50,live,256,,0
50,removed,0,0,22585
50,removed,1,1,12007
50,removed,2,3,8086
50,removed,4,7,3290
50,removed,8,15,246
50,removed,16,31,2
50,removed,32,63,11
50,removed,64,127,0
50,removed,128,255,0
50,removed,256,,0
51,live,0,0,0
51,live,1,1,28111
51,live,2,3,28998
51,live,4,7,43363
51,live,8,15,58470
51,live,16,31,978
51,live,32,63,2770
51,live,64,127,0
51,live,128,255,0
51,live,256,,0
51,removed,0,0,23595
51,removed,1,1,11766
51,removed,2,3,9091
51,removed,4,7,4007
51,removed,8,15,166
51,removed,16,31,0
51,removed,32,63,4
51,removed,64,127,0
51,removed,128,255,0
51,removed,256,,0
52,live,0,0,0
52,live,1,1,28151
52,live,2,3,27907
52,live,4,7,37293
52,live,8,15,67184
52,live,16,31,1529
52,live,32,63,2789
52,live,64,127,0
52,live,128,255,0
52,live,256,,0
52,removed,0,0,23506
52,removed,1,1,11716
52,removed,2,3,8915
52,removed,4,7,4888
52,removed,8,15,446
52,removed,16,31,7
52,removed,32,63,16
52,removed,64,127,0
52,removed,128,255,0
52,removed,256,,0
53,live,0,0,0
53,live,1,1,28952
53,live,2,3,27837
53,live,4,7,30001
53,live,8,15,75232
53,live,16,31,3797
53,live,32,63,2795
53,live,64,127,0
53,live,128,255,0
53,live,256,,0
53,removed,0,0,22750
53,removed,1,1,11591
53,removed,2,3,7965
53,removed,4,7,4556
53,removed,8,15,1040
53,removed,16,31,11
53,removed,32,63,28
53,removed,64,127,0
53,removed,128,255,0
53,removed,256,,0
54,live,0,0,0
54,live,1,1,27943
54,live,2,3,27930
54,live,4,7,25042
54,live,8,15,78697
54,live,16,31,7612
54,live,32,63,2813
54,live,64,127,0
54,live,128,255,0
54,live,256,,0
54,removed,0,0,23748
54,removed,1,1,12336
54,removed,2,3,8151
54,removed,4,7,4957
54,removed,8,15,1051
54,removed,16,31,15
54,removed,32,63,10
54,removed,64,127,0
54,removed,128,255,0
54,removed,256,,0
55,live,0,0,0
55,live,1,1,27983
55,live,2,3,27475
55,live,4,7,24666
55,live,8,15,75160
55,live,16,31,13507
55,live,32,63,2844
55,live,64,127,0
55,live,128,255,0
55,live,256,,0
55,removed,0,0,23715
55,removed,1,1,11638
55,removed,2,3,8447
55,removed,4,7,4984
55,removed,8,15,1305
55,removed,16,31,9
55,removed,32,63,2
55,removed,64,127,0
55,removed,128,255,0
55,removed,256,,0
56,live,0,0,0
56,live,1,1,28921
56,live,2,3,27876
56,live,4,7,24765
56,live,8,15,72646
56,live,16,31,18489
56,live,32,63,2871
56,live,64,127,0
56,live,128,255,0
56,live,256,,0
56,removed,0,0,22749
56,removed,1,1,11167
56,removed,2,3,8001
56,removed,4,7,4537
56,removed,8,15,1274
56,removed,16,31,9
56,removed,32,63,0
56,removed,64,127,0
56,removed,128,255,0
56,removed,256,,0
57,live,0,0,0
57,live,1,1,27676
57,live,2,3,27478
57,live,4,7,24020
57,live,8,15,63012
57,live,16,31,30023
57,live,32,63,2901
57,live,64,127,0
57,live,128,255,0
57,live,256,,0
57,removed,0,0,24017
57,removed,1,1,12521
57,removed,2,3,8804
57,removed,4,7,5019
57,removed,8,15,1779
57,removed,16,31,11
57,removed,32,63,0
57,removed,64,127,0
57,removed,128,255,0
57,removed,256,,0
58,live,0,0,0
58,live,1,1,28067
58,live,2,3,26792
58,live,4,7,24204
58,live,8,15,50126
58,live,16,31,43714
58,live,32,63,2910
58,live,64,127,0
58,live,128,255,0
58,live,256,,0
58,removed,0,0,23642
58,removed,1,1,11836
58,removed,2,3,8266
58,removed,4,7,4469
58,removed,8,15,2511
58,removed,16,31,266
58,removed,32,63,16
58,removed,64,127,0
58,removed,128,255,0
58,removed,256,,0
59,live,0,0,0
59,live,1,1,27110
59,live,2,3,26023
59,live,4,7,23284
59,live,8,15,38767
59,live,16,31,56224
59,live,32,63,2918
59,live,64,127,0
59,live,128,255,0
59,live,256,,0
59,removed,0,0,24596
59,removed,1,1,12441
59,removed,2,3,8585
59,removed,4,7,5051
59,removed,8,15,2363
59,removed,16,31,137
59,removed,32,63,20
59,removed,64,127,0
59,removed,128,255,0
59,removed,256,,0
60,live,0,0,0
60,live,1,1,26625
60,live,2,3,25157
60,live,4,7,21913
60,live,8,15,30812
60,live,16,31,64270
60,live,32,63,2943
60,live,64,127,0
60,live,128,255,0
60,live,256,,0
60,removed,0,0,25082
60,removed,1,1,12011
60,removed,2,3,8661
60,removed,4,7,5236
60,removed,8,15,2855
60,removed,16,31,453
60,removed,32,63,15
60,removed,64,127,0
60,removed,128,255,0
60,removed,256,,0
61,live,0,0,0
61,live,1,1,26391
61,live,2,3,24122
61,live,4,7,21106
61,live,8,15,22535
61,live,16,31,72805
61,live,32,63,2957
61,live,64,127,0
61,live,128,255,0
61,live,256,,0
61,removed,0,0,25306
61,removed,1,1,12110
61,removed,2,3,8521
61,removed,4,7,4688
61,removed,8,15,2515
61,removed,16,31,358
61,removed,32,63,3
61,removed,64,127,0
61,removed,128,255,0
61,removed,256,,0
62,live,0,0,0
62,live,1,1,25373
62,live,2,3,22636
62,live,4,7,19821
62,live,8,15,16779
62,live,16,31,78813
62,live,32,63,2971
62,live,64,127,0
62,live,128,255,0
62,live,256,,0
62,removed,0,0,26308
62,removed,1,1,12737
62,removed,2,3,8591
62,removed,4,7,4600
62,removed,8,15,2423
62,removed,16,31,525
62,removed,32,63,20
62,removed,64,127,0
62,removed,128,255,0
62,removed,256,,0
63,live,0,0,0
63,live,1,1,25430
63,live,2,3,21786
63,live,4,7,18559
63,live,8,15,16244
63,live,16,31,79592
63,live,32,63,3020
63,live,64,127,0
63,live,128,255,0
63,live,256,,0
63,removed,0,0,26267
63,removed,1,1,11910
63,removed,2,3,8072
63,removed,4,7,4560
63,removed,8,15,2354
63,removed,16,31,296
63,removed,32,63,0
63,removed,64,127,0
63,removed,128,255,0
63,removed,256,,0
64,live,0,0,0
64,live,1,1,23857
64,live,2,3,20241
64,live,4,7,16759
64,live,8,15,14937
64,live,16,31,80510
64,live,32,63,3035
64,live,64,127,49
64,live,128,255,0
64,live,256,,0
64,removed,0,0,27846
64,removed,1,1,13025
64,removed,2,3,8430
64,removed,4,7,4649
64,removed,8,15,2717
64,removed,16,31,279
64,removed,32,63,0
64,removed,64,127,0
64,removed,128,255,0
64,removed,256,,0
65,live,0,0,0
65,live,1,1,24316
65,live,2,3,19360
65,live,4,7,15706
65,live,8,15,14259
65,live,16,31,81181
65,live,32,63,2692
65,live,64,127,482
65,live,128,255,0
65,live,256,,0
65,removed,0,0,27407
65,removed,1,1,11913
65,removed,2,3,7569
65,removed,4,7,3796
65,removed,8,15,2104
65,removed,16,31,326
65,removed,32,63,0
65,removed,64,127,0
65,removed,128,255,0
65,removed,256,,0
66,live,0,0,0
66,live,1,1,23185
66,live,2,3,18285
66,live,4,7,13975
66,live,8,15,12916
66,live,16,31,81257
66,live,32,63,2163
66,live,64,127,1172
66,live,128,255,0
66,live,256,,0
66,removed,0,0,28560
66,removed,1,1,12707
66,removed,2,3,7987
66,removed,4,7,4181
66,removed,8,15,2515
66,removed,16,31,833
66,removed,32,63,5
66,removed,64,127,0
66,removed,128,255,0
66,removed,256,,0
67,live,0,0,0
67,live,1,1,23362
67,live,2,3,17760
67,live,4,7,12655
67,live,8,15,11723
67,live,16,31,80901
67,live,32,63,1562
67,live,64,127,2013
67,live,128,255,0
67,live,256,,0
67,removed,0,0,28388
67,removed,1,1,12143
67,removed,2,3,7198
67,removed,4,7,3638
67,removed,8,15,2146
67,removed,16,31,1206
67,removed,32,63,3
67,removed,64,127,5
67,removed,128,255,0
67,removed,256,,0
68,live,0,0,0
68,live,1,1,22495
68,live,2,3,16942
68,live,4,7,11467
68,live,8,15,10561
68,live,16,31,80560
68,live,32,63,2073
68,live,64,127,2060
68,live,128,255,0
68,live,256,,0
68,removed,0,0,29297
68,removed,1,1,12364
68,removed,2,3,7660
68,removed,4,7,3590
68,removed,8,15,1993
68,removed,16,31,697
68,removed,32,63,8
68,removed,64,127,1
68,removed,128,255,0
68,removed,256,,0
69,live,0,0,0
69,live,1,1,20954
69,live,2,3,15292
69,live,4,7,9871
69,live,8,15,9195
69,live,16,31,78445
69,live,32,63,4226
69,live,64,127,2115
69,live,128,255,0
69,live,256,,0
69,removed,0,0,30932
69,removed,1,1,12935
69,removed,2,3,7702
69,removed,4,7,3591
69,removed,8,15,1999
69,removed,16,31,787
69,removed,32,63,0
69,removed,64,127,0
69,removed,128,255,0
69,removed,256,,0
70,live,0,0,0
70,live,1,1,20069
70,live,2,3,13478
70,live,4,7,8432
70,live,8,15,7660
70,live,16,31,75037
70,live,32,63,7831
70,live,64,127,2160
70,live,128,255,0
70,live,256,,0
70,removed,0,0,31816
70,removed,1,1,12295
70,removed,2,3,7258
70,removed,4,7,3482
70,removed,8,15,1913
70,removed,16,31,550
70,removed,32,63,2
70,removed,64,127,0
70,removed,128,255,0
70,removed,256,,0
71,live,0,0,0
71,live,1,1,19272
71,live,2,3,12069
71,live,4,7,6927
71,live,8,15,6378
71,live,16,31,69247
71,live,32,63,13606
71,live,64,127,2197
71,live,128,255,0
71,live,256,,0
71,removed,0,0,32802
71,removed,1,1,12054
71,removed,2,3,6911
71,removed,4,7,3126
71,removed,8,15,1482
71,removed,16,31,668
71,removed,32,63,2
71,removed,64,127,0
71,removed,128,255,0
71,removed,256,,0
72,live,0,0,0
72,live,1,1,18682
72,live,2,3,11442
72,live,4,7,6061
72,live,8,15,5717
72,live,16,31,64602
72,live,32,63,18339
72,live,64,127,2227
72,live,128,255,0
72,live,256,,0
72,removed,0,0,33513
72,removed,1,1,11670
72,removed,2,3,5943
72,removed,4,7,2271
72,removed,8,15,916
72,removed,16,31,487
72,removed,32,63,19
72,removed,64,127,2
72,removed,128,255,0
72,removed,256,,0
73,live,0,0,0
73,live,1,1,17617
73,live,2,3,11027
73,live,4,7,5578
73,live,8,15,5056
73,live,16,31,53623
73,live,32,63,29250
73,live,64,127,2261
73,live,128,255,0
73,live,256,,0
73,removed,0,0,34743
73,removed,1,1,11261
73,removed,2,3,5663
73,removed,4,7,1943
73,removed,8,15,772
73,removed,16,31,580
73,removed,32,63,55
73,removed,64,127,1
73,removed,128,255,0
73,removed,256,,0
74,live,0,0,0
74,live,1,1,17090
74,live,2,3,10439
74,live,4,7,5208
74,live,8,15,4604
74,live,16,31,40213
74,live,32,63,42576
74,live,64,127,2288
74,live,128,255,0
74,live,256,,0
74,removed,0,0,35522
74,removed,1,1,10700
74,removed,2,3,5491
74,removed,4,7,1686
74,removed,8,15,562
74,removed,16,31,545
74,removed,32,63,98
74,removed,64,127,2
74,removed,128,255,0
74,removed,256,,0
75,live,0,0,0
75,live,1,1,16929
75,live,2,3,9318
75,live,4,7,4584
75,live,8,15,4136
75,live,16,31,28688
75,live,32,63,53448
75,live,64,127,2323
75,live,128,255,0
75,live,256,,0
75,removed,0,0,36209
75,removed,1,1,10861
75,removed,2,3,5544
75,removed,4,7,1841
75,removed,8,15,555
75,removed,16,31,888
75,removed,32,63,225
75,removed,64,127,7
75,removed,128,255,0
75,removed,256,,0
76,live,0,0,0
76,live,1,1,16920
76,live,2,3,8798
76,live,4,7,4141
76,live,8,15,3868
76,live,16,31,20650
76,live,32,63,60912
76,live,64,127,2351
76,live,128,255,0
76,live,256,,0
76,removed,0,0,36770
76,removed,1,1,10838
76,removed,2,3,4988
76,removed,4,7,1475
76,removed,8,15,362
76,removed,16,31,626
76,removed,32,63,414
76,removed,64,127,3
76,removed,128,255,0
76,removed,256,,0
77,live,0,0,0
77,live,1,1,16755
77,live,2,3,8442
77,live,4,7,3634
77,live,8,15,3591
77,live,16,31,14028
77,live,32,63,66237
77,live,64,127,2371
77,live,128,255,0
77,live,256,,0
77,removed,0,0,37917
77,removed,1,1,11133
77,removed,2,3,4738
77,removed,4,7,1413
77,removed,8,15,370
77,removed,16,31,828
77,removed,32,63,850
77,removed,64,127,5
77,removed,128,255,0
77,removed,256,,0
78,live,0,0,0
78,live,1,1,18798
78,live,2,3,8321
78,live,4,7,3335
78,live,8,15,3298
78,live,16,31,8192
78,live,32,63,69777
78,live,64,127,2375
78,live,128,255,0
78,live,256,,0
78,removed,0,0,37114
78,removed,1,1,10939
78,removed,2,3,4550
78,removed,4,7,1208
78,removed,8,15,365
78,removed,16,31,920
78,removed,32,63,1754
78,removed,64,127,24
78,removed,128,255,0
78,removed,256,,0
79,live,0,0,0
79,live,1,1,26753
79,live,2,3,11291
79,live,4,7,3446
79,live,8,15,2968
79,live,16,31,7479
79,live,32,63,66284
79,live,64,127,2312
79,live,128,255,0
79,live,256,,0
79,removed,0,0,30342
79,removed,1,1,10715
79,removed,2,3,3617
79,removed,4,7,967
79,removed,8,15,396
79,removed,16,31,573
79,removed,32,63,3951
79,removed,64,127,97
79,removed,128,255,0
79,removed,256,,0
80,live,0,0,0
80,live,1,1,31973
80,live,2,3,14634
80,live,4,7,3440
80,live,8,15,2338
80,live,16,31,6110
80,live,32,63,57401
80,live,64,127,2176
80,live,128,255,0
80,live,256,,0
80,removed,0,0,25150
80,removed,1,1,15989
80,removed,2,3,5773
80,removed,4,7,1311
80,removed,8,15,698
80,removed,16,31,1170
80,removed,32,63,9329
80,removed,64,127,164
80,removed,128,255,0
80,removed,256,,0
81,live,0,0,0
81,live,1,1,35238
81,live,2,3,21185
81,live,4,7,3671
81,live,8,15,1628
81,live,16,31,4592
81,live,32,63,46923
81,live,64,127,1989
81,live,128,255,0
81,live,256,,0
81,removed,0,0,21108
81,removed,1,1,15967
81,removed,2,3,7536
81,removed,4,7,1459
81,removed,8,15,736
81,removed,16,31,1367
81,removed,32,63,10784
81,removed,64,127,235
81,removed,128,255,0
81,removed,256,,0
82,live,0,0,0
82,live,1,1,31927
82,live,2,3,27354
82,live,4,7,4514
82,live,8,15,1223
82,live,16,31,3515
82,live,32,63,37810
82,live,64,127,1567
82,live,128,255,0
82,live,256,,0
82,removed,0,0,17743
82,removed,1,1,17133
82,removed,2,3,9352
82,removed,4,7,1525
82,removed,8,15,476
82,removed,16,31,896
82,removed,32,63,9414
82,removed,64,127,447
82,removed,128,255,0
82,removed,256,,0
83,live,0,0,0
83,live,1,1,27963
83,live,2,3,27494
83,live,4,7,7399
83,live,8,15,756
83,live,16,31,2287
83,live,32,63,29502
83,live,64,127,1233
83,live,128,255,0
83,live,256,,0
83,removed,0,0,17253
83,removed,1,1,14581
83,removed,2,3,12161
83,removed,4,7,1989
83,removed,8,15,558
83,removed,16,31,1047
83,removed,32,63,8550
83,removed,64,127,353
83,removed,128,255,0
83,removed,256,,0
84,live,0,0,0
84,live,1,1,29972
84,live,2,3,26130
84,live,4,7,11047
84,live,8,15,676
84,live,16,31,1656
84,live,32,63,22995
84,live,64,127,896
84,live,128,255,0
84,live,256,,0
84,removed,0,0,17490
84,removed,1,1,12796
84,removed,2,3,10162
84,removed,4,7,2509
84,removed,8,15,237
84,removed,16,31,527
84,removed,32,63,6651
84,removed,64,127,352
84,removed,128,255,0
84,removed,256,,0
85,live,0,0,0
85,live,1,1,32707
85,live,2,3,28016
85,live,4,7,14802
85,live,8,15,688
85,live,16,31,1201
85,live,32,63,18887
85,live,64,127,713
85,live,128,255,0
85,live,256,,0
85,removed,0,0,16660
85,removed,1,1,12772
85,removed,2,3,8116
85,removed,4,7,3152
85,removed,8,15,234
85,removed,16,31,342
85,removed,32,63,4256
85,removed,64,127,193
85,removed,128,255,0
85,removed,256,,0
86,live,0,0,0
86,live,1,1,35409
86,live,2,3,36460
86,live,4,7,20786
86,live,8,15,912
86,live,16,31,992
86,live,32,63,17697
86,live,64,127,681
86,live,128,255,0
86,live,256,,0
86,removed,0,0,15876
86,removed,1,1,9221
86,removed,2,3,6319
86,removed,4,7,2336
86,removed,8,15,143
86,removed,16,31,133
86,removed,32,63,1293
86,removed,64,127,41
86,removed,128,255,0
86,removed,256,,0
87,live,0,0,0
87,live,1,1,35312
87,live,2,3,40372
87,live,4,7,25193
87,live,8,15,2293
87,live,16,31,799
87,live,32,63,15557
87,live,64,127,597
87,live,128,255,0
87,live,256,,0
87,removed,0,0,15880
87,removed,1,1,12807
87,removed,2,3,9130
87,removed,4,7,3594
87,removed,8,15,147
87,removed,16,31,126
87,removed,32,63,2230
87,removed,64,127,92
87,removed,128,255,0
87,removed,256,,0
88,live,0,0,0
88,live,1,1,35536
88,live,2,3,40048
88,live,4,7,34700
88,live,8,15,5155
88,live,16,31,677
88,live,32,63,14975
88,live,64,127,596
88,live,128,255,0
88,live,256,,0
88,removed,0,0,15628
88,removed,1,1,12917
88,removed,2,3,7739
88,removed,4,7,2353
88,removed,8,15,233
88,removed,16,31,53
88,removed,32,63,669
88,removed,64,127,8
88,removed,128,255,0
88,removed,256,,0
89,live,0,0,0
89,live,1,1,35855
89,live,2,3,40647
89,live,4,7,43540
89,live,8,15,9568
89,live,16,31,603
89,live,32,63,14779
89,live,64,127,600
89,live,128,255,0
89,live,256,,0
89,removed,0,0,15324
89,removed,1,1,11790
89,removed,2,3,7740
89,removed,4,7,1907
89,removed,8,15,220
89,removed,16,31,12
89,removed,32,63,278
89,removed,64,127,3
89,removed,128,255,0
89,removed,256,,0
90,live,0,0,0
90,live,1,1,34483
90,live,2,3,40199
90,live,4,7,48127
90,live,8,15,15242
90,live,16,31,574
90,live,32,63,14548
90,live,64,127,602
90,live,128,255,0
90,live,256,,0
90,removed,0,0,16690
90,removed,1,1,13812
90,removed,2,3,9250
90,removed,4,7,2655
90,removed,8,15,293
90,removed,16,31,8
90,removed,32,63,278
90,removed,64,127,4
90,removed,128,255,0
90,removed,256,,0
91,live,0,0,0
91,live,1,1,34430
91,live,2,3,36968
91,live,4,7,50991
91,live,8,15,22014
91,live,16,31,524
91,live,32,63,14359
91,live,64,127,607
91,live,128,255,0
91,live,256,,0
91,removed,0,0,16750
91,removed,1,1,14066
91,removed,2,3,9841
91,removed,4,7,3764
91,removed,8,15,378
91,removed,16,31,36
91,removed,32,63,227
91,removed,64,127,0
91,removed,128,255,0
91,removed,256,,0
92,live,0,0,0
92,live,1,1,30552
92,live,2,3,34926
92,live,4,7,46250
92,live,8,15,34160
92,live,16,31,535
92,live,32,63,14350
92,live,64,127,620
92,live,128,255,0
92,live,256,,0
92,removed,0,0,21156
92,removed,1,1,14008
92,removed,2,3,10212
92,removed,4,7,4383
92,removed,8,15,402
92,removed,16,31,3
92,removed,32,63,43
92,removed,64,127,1
92,removed,128,255,0
92,removed,256,,0
93,live,0,0,0
93,live,1,1,29594
93,live,2,3,33266
93,live,4,7,40324
93,live,8,15,45645
93,live,16,31,583
93,live,32,63,14216
93,live,64,127,622
93,live,128,255,0
93,live,256,,0
93,removed,0,0,22061
93,removed,1,1,11332
93,removed,2,3,9924
93,removed,4,7,4651
93,removed,8,15,650
93,removed,16,31,5
93,removed,32,63,172
93,removed,64,127,3
93,removed,128,255,0
93,removed,256,,0
94,live,0,0,0
94,live,1,1,29258
94,live,2,3,31248
94,live,4,7,38169
94,live,8,15,53106
94,live,16,31,747
94,live,32,63,14164
94,live,64,127,629
94,live,128,255,0
94,live,256,,0
94,removed,0,0,22408
94,removed,1,1,11968
94,removed,2,3,8356
94,removed,4,7,4938
94,removed,8,15,835
94,removed,16,31,8
94,removed,32,63,82
94,removed,64,127,0
94,removed,128,255,0
94,removed,256,,0
95,live,0,0,0
95,live,1,1,29029
95,live,2,3,29409
95,live,4,7,35847
95,live,8,15,59791
95,live,16,31,1935
95,live,32,63,14180
95,live,64,127,640
95,live,128,255,0
95,live,256,,0
95,removed,0,0,22620
95,removed,1,1,11976
95,removed,2,3,8179
95,removed,4,7,4699
95,removed,8,15,658
95,removed,16,31,1
95,removed,32,63,4
95,removed,64,127,2
95,removed,128,255,0
95,removed,256,,0
96,live,0,0,0
96,live,1,1,28379
96,live,2,3,28496
96,live,4,7,32462
96,live,8,15,63256
96,live,16,31,4682
96,live,32,63,14125
96,live,64,127,649
96,live,128,255,0
96,live,256,,0
96,removed,0,0,23286
96,removed,1,1,12000
96,removed,2,3,8909
96,removed,4,7,5067
96,removed,8,15,1099
96,removed,16,31,0
96,removed,32,63,80
96,removed,64,127,6
96,removed,128,255,0
96,removed,256,,0
97,live,0,0,0
97,live,1,1,28623
97,live,2,3,27388
97,live,4,7,30043
97,live,8,15,62143
97,live,16,31,8895
97,live,32,63,14038
97,live,64,127,679
97,live,128,255,0
97,live,256,,0
97,removed,0,0,23043
97,removed,1,1,12270
97,removed,2,3,8709
97,removed,4,7,5348
97,removed,8,15,2393
97,removed,16,31,53
97,removed,32,63,89
97,removed,64,127,1
97,removed,128,255,0
97,removed,256,,0
98,live,0,0,0
98,live,1,1,28095
98,live,2,3,27641
98,live,4,7,27659
98,live,8,15,61372
98,live,16,31,14190
98,live,32,63,14013
98,live,64,127,735
98,live,128,255,0
98,live,256,,0
98,removed,0,0,23558
98,removed,1,1,12007
98,removed,2,3,7950
98,removed,4,7,4767
98,removed,8,15,1472
98,removed,16,31,0
98,removed,32,63,3
98,removed,64,127,0
98,removed,128,255,0
98,removed,256,,0
99,live,0,0,0
99,live,1,1,28233
99,live,2,3,27244
99,live,4,7,24429
99,live,8,15,58716
99,live,16,31,20934
99,live,32,63,13968
99,live,64,127,799
99,live,128,255,0
99,live,256,,0
99,removed,0,0,23447
99,removed,1,1,12069
99,removed,2,3,8342
99,removed,4,7,5072
99,removed,8,15,2104
99,removed,16,31,16
99,removed,32,63,9
99,removed,64,127,3
99,removed,128,255,0
99,removed,256,,0
100,live,0,0,0
100,live,1,1,27409
100,live,2,3,26413
100,live,4,7,23389
100,live,8,15,48446
100,live,16,31,32413
100,live,32,63,13792
100,live,64,127,981
100,live,128,255,0
100,live,256,,0
100,removed,0,0,24271
100,removed,1,1,12402
100,removed,2,3,8662
100,removed,4,7,5368
100,removed,8,15,2379
100,removed,16,31,61
100,removed,32,63,17
100,removed,64,127,0
100,removed,128,255,0
100,removed,256,,0
101,live,0,0,0
101,live,1,1,27131
101,live,2,3,25670
101,live,4,7,22131
101,live,8,15,37780
101,live,16,31,43523
101,live,32,63,13216
101,live,64,127,1560
101,live,128,255,0
101,live,256,,0
101,removed,0,0,24541
101,removed,1,1,11987
101,removed,2,3,8669
101,removed,4,7,5331
101,removed,8,15,2898
101,removed,16,31,54
101,removed,32,63,23
101,removed,64,127,1
101,removed,128,255,0
101,removed,256,,0
102,live,0,0,0
102,live,1,1,27068
102,live,2,3,24507
102,live,4,7,21014
102,live,8,15,31936
102,live,16,31,50073
102,live,32,63,12099
102,live,64,127,2698
102,live,128,255,0
102,live,256,,0
102,removed,0,0,24630
102,removed,1,1,12491
102,removed,2,3,8622
102,removed,4,7,5119
102,removed,8,15,2407
102,removed,16,31,41
102,removed,32,63,3
102,removed,64,127,1
102,removed,128,255,0
102,removed,256,,0
103,live,0,0,0
103,live,1,1,26435
103,live,2,3,23856
103,live,4,7,20596
103,live,8,15,26106
103,live,16,31,56570
103,live,32,63,10216
103,live,64,127,4601
103,live,128,255,0
103,live,256,,0
103,removed,0,0,25258
103,removed,1,1,12562
103,removed,2,3,8194
103,removed,4,7,4304
103,removed,8,15,2241
103,removed,16,31,141
103,removed,32,63,4
103,removed,64,127,4
103,removed,128,255,0
103,removed,256,,0
104,live,0,0,0
104,live,1,1,25865
104,live,2,3,23105
104,live,4,7,19249
104,live,8,15,22142
104,live,16,31,60701
104,live,32,63,9157
104,live,64,127,5680
104,live,128,255,0
104,live,256,,0
104,removed,0,0,25834
104,removed,1,1,12362
104,removed,2,3,8337
104,removed,4,7,4884
104,removed,8,15,2584
104,removed,16,31,174
104,removed,32,63,1
104,removed,64,127,4
104,removed,128,255,0
104,removed,256,,0
105,live,0,0,0
105,live,1,1,26036
105,live,2,3,22635
105,live,4,7,18458
105,live,8,15,19463
105,live,16,31,63427
105,live,32,63,6445
105,live,64,127,8390
105,live,128,255,0
105,live,256,,0
105,removed,0,0,25646
105,removed,1,1,12006
105,removed,2,3,8021
105,removed,4,7,4351
105,removed,8,15,2318
105,removed,16,31,358
105,removed,32,63,27
105,removed,64,127,0
105,removed,128,255,0
105,removed,256,,0
106,live,0,0,0
106,live,1,1,24230
106,live,2,3,20742
106,live,4,7,16824
106,live,8,15,16490
106,live,16,31,66173
106,live,32,63,4210
106,live,64,127,10651
106,live,128,255,0
106,live,256,,0
106,removed,0,0,27477
106,removed,1,1,13269
106,removed,2,3,8995
106,removed,4,7,4617
106,removed,8,15,2437
106,removed,16,31,440
106,removed,32,63,5
106,removed,64,127,1
106,removed,128,255,0
106,removed,256,,0
107,live,0,0,0
107,live,1,1,25047
107,live,2,3,20776
107,live,4,7,15754
107,live,8,15,13153
107,live,16,31,69216
107,live,32,63,3020
107,live,64,127,11844
107,live,128,255,0
107,live,256,,0
107,removed,0,0,26684
107,removed,1,1,11341
107,removed,2,3,7435
107,removed,4,7,4042
107,removed,8,15,2183
107,removed,16,31,532
107,removed,32,63,19
107,removed,64,127,5
107,removed,128,255,0
107,removed,256,,0
108,live,0,0,0
108,live,1,1,23949
108,live,2,3,19808
108,live,4,7,14702
108,live,8,15,12395
108,live,16,31,69570
108,live,32,63,2442
108,live,64,127,12462
108,live,128,255,0
108,live,256,,0
108,removed,0,0,27762
108,removed,1,1,12738
108,removed,2,3,8117
108,removed,4,7,3998
108,removed,8,15,2033
108,removed,16,31,528
108,removed,32,63,6
108,removed,64,127,11
108,removed,128,255,0
108,removed,256,,0
109,live,0,0,0
109,live,1,1,22828
109,live,2,3,18353
109,live,4,7,13535
109,live,8,15,11557
109,live,16,31,69856
109,live,32,63,2018
109,live,64,127,12975
109,live,128,255,0
109,live,256,,0
109,removed,0,0,28922
109,removed,1,1,12410
109,removed,2,3,8153
109,removed,4,7,3915
109,removed,8,15,2024
109,removed,16,31,526
109,removed,32,63,1
109,removed,64,127,5
109,removed,128,255,0
109,removed,256,,0
110,live,0,0,0
110,live,1,1,22393
110,live,2,3,16680
110,live,4,7,11739
110,live,8,15,10415
110,live,16,31,70089
110,live,32,63,1983
110,live,64,127,13197
110,live,128,255,0
110,live,256,,0
110,removed,0,0,29393
110,removed,1,1,12327
110,removed,2,3,8035
110,removed,4,7,4166
110,removed,8,15,2103
110,removed,16,31,385
110,removed,32,63,1
110,removed,64,127,2
110,removed,128,255,0
110,removed,256,,0
111,live,0,0,0
111,live,1,1,21898
111,live,2,3,15696
111,live,4,7,10568
111,live,8,15,9207
111,live,16,31,68667
111,live,32,63,3068
111,live,64,127,13173
111,live,128,255,0
111,live,256,,0
111,removed,0,0,29974
111,removed,1,1,12302
111,removed,2,3,7315
111,removed,4,7,3394
111,removed,8,15,1985
111,removed,16,31,1015
111,removed,32,63,9
111,removed,64,127,97
111,removed,128,255,0
111,removed,256,,0
112,live,0,0,0
112,live,1,1,20031
112,live,2,3,14587
112,live,4,7,8924
112,live,8,15,8406
112,live,16,31,65882
112,live,32,63,5669
112,live,64,127,13196
112,live,128,255,0
112,live,256,,0
112,removed,0,0,31845
112,removed,1,1,12523
112,removed,2,3,7292
112,removed,4,7,3463
112,removed,8,15,1445
112,removed,16,31,804
112,removed,32,63,21
112,removed,64,127,65
112,removed,128,255,0
112,removed,256,,0
113,live,0,0,0
113,live,1,1,20307
113,live,2,3,12920
113,live,4,7,8116
113,live,8,15,7435
113,live,16,31,61850
113,live,32,63,9737
113,live,64,127,13308
113,live,128,255,0
113,live,256,,0
113,removed,0,0,31693
113,removed,1,1,11892
113,removed,2,3,6754
113,removed,4,7,2674
113,removed,8,15,1404
113,removed,16,31,603
113,removed,32,63,0
113,removed,64,127,2
113,removed,128,255,0
113,removed,256,,0
114,live,0,0,0
114,live,1,1,19415
114,live,2,3,12424
114,live,4,7,7442
114,live,8,15,6734
114,live,16,31,56913
114,live,32,63,14869
114,live,64,127,13410
114,live,128,255,0
114,live,256,,0
114,removed,0,0,32729
114,removed,1,1,12048
114,removed,2,3,5917
114,removed,4,7,2440
114,removed,8,15,1052
114,removed,16,31,418
114,removed,32,63,3
114,removed,64,127,3
114,removed,128,255,0
114,removed,256,,0
115,live,0,0,0
115,live,1,1,19046
115,live,2,3,11875
115,live,4,7,6568
115,live,8,15,5898
115,live,16,31,50395
115,live,32,63,21193
115,live,64,127,13525
115,live,128,255,0
115,live,256,,0
115,removed,0,0,33278
115,removed,1,1,11600
115,removed,2,3,5908
115,removed,4,7,2408
115,removed,8,15,1078
115,removed,16,31,719
115,removed,32,63,17
115,removed,64,127,23
115,removed,128,255,0
115,removed,256,,0
116,live,0,0,0
116,live,1,1,18125
116,live,2,3,10649
116,live,4,7,5627
116,live,8,15,5205
116,live,16,31,39044
116,live,32,63,32260
116,live,64,127,13533
116,live,128,255,0
116,live,256,,0
116,removed,0,0,34373
116,removed,1,1,12107
116,removed,2,3,6051
116,removed,4,7,2328
116,removed,8,15,836
116,removed,16,31,656
116,removed,32,63,120
116,removed,64,127,84
116,removed,128,255,0
116,removed,256,,0
117,live,0,0,0
117,live,1,1,17244
117,live,2,3,9428
117,live,4,7,4821
117,live,8,15,4694
117,live,16,31,28673
117,live,32,63,42625
117,live,64,127,13651
117,live,128,255,0
117,live,256,,0
117,removed,0,0,35646
117,removed,1,1,11705
117,removed,2,3,5744
117,removed,4,7,2004
117,removed,8,15,627
117,removed,16,31,459
117,removed,32,63,11
117,removed,64,127,1
117,removed,128,255,0
117,removed,256,,0
118,live,0,0,0
118,live,1,1,16705
118,live,2,3,8675
118,live,4,7,4114
118,live,8,15,4217
118,live,16,31,22344
118,live,32,63,48365
118,live,64,127,13721
118,live,128,255,0
118,live,256,,0
118,removed,0,0,36801
118,removed,1,1,11203
118,removed,2,3,5245
118,removed,4,7,1677
118,removed,8,15,526
118,removed,16,31,891
118,removed,32,63,155
118,removed,64,127,3
118,removed,128,255,0
118,removed,256,,0
119,live,0,0,0
119,live,1,1,17353
119,live,2,3,8768
119,live,4,7,3679
119,live,8,15,3831
119,live,16,31,16255
119,live,32,63,52744
119,live,64,127,13603
119,live,128,255,0
119,live,256,,0
119,removed,0,0,36844
119,removed,1,1,10731
119,removed,2,3,4511
119,removed,4,7,1273
119,removed,8,15,443
119,removed,16,31,1225
119,removed,32,63,883
119,removed,64,127,195
119,removed,128,255,0
119,removed,256,,0
120,live,0,0,0
120,live,1,1,17961
120,live,2,3,8458
120,live,4,7,3432
120,live,8,15,3510
120,live,16,31,12523
120,live,32,63,55406
120,live,64,127,13665
120,live,128,255,0
120,live,256,,0
120,removed,0,0,37383
120,removed,1,1,11559
120,removed,2,3,4710
120,removed,4,7,1171
120,removed,8,15,377
120,removed,16,31,1045
120,removed,32,63,357
120,removed,64,127,20
120,removed,128,255,0
120,removed,256,,0
121,live,0,0,0
121,live,1,1,20043
121,live,2,3,8780
121,live,4,7,3087
121,live,8,15,3140
121,live,16,31,9240
121,live,32,63,53892
121,live,64,127,13171
121,live,128,255,0
121,live,256,,0
121,removed,0,0,36582
121,removed,1,1,11529
121,removed,2,3,4826
121,removed,4,7,1179
121,removed,8,15,411
121,removed,16,31,1884
121,removed,32,63,3240
121,removed,64,127,576
121,removed,128,255,0
121,removed,256,,0
122,live,0,0,0
122,live,1,1,28791
122,live,2,3,12062
122,live,4,7,3108
122,live,8,15,2671
122,live,16,31,7332
122,live,32,63,50770
122,live,64,127,13048
122,live,128,255,0
122,live,256,,0
122,removed,0,0,28363
122,removed,1,1,11287
122,removed,2,3,4146
122,removed,4,7,946
122,removed,8,15,474
122,removed,16,31,1455
122,removed,32,63,3884
122,removed,64,127,170
122,removed,128,255,0
122,removed,256,,0
123,live,0,0,0
123,live,1,1,31184
123,live,2,3,15831
123,live,4,7,2959
123,live,8,15,1770
123,live,16,31,4539
123,live,32,63,38386
123,live,64,127,11369
123,live,128,255,0
123,live,256,,0
123,removed,0,0,24158
123,removed,1,1,17087
123,removed,2,3,6394
123,removed,4,7,1426
123,removed,8,15,930
123,removed,16,31,2279
123,removed,32,63,13102
123,removed,64,127,1710
123,removed,128,255,0
123,removed,256,,0
124,live,0,0,0
124,live,1,1,35609
124,live,2,3,21948
124,live,4,7,3516
124,live,8,15,1367
124,live,16,31,3629
124,live,32,63,32122
124,live,64,127,10302
124,live,128,255,0
124,live,256,,0
124,removed,0,0,19961
124,removed,1,1,14557
124,removed,2,3,8477
124,removed,4,7,1268
124,removed,8,15,444
124,removed,16,31,835
124,removed,32,63,6471
124,removed,64,127,1102
124,removed,128,255,0
124,removed,256,,0
125,live,0,0,0
125,live,1,1,26609
125,live,2,3,26075
125,live,4,7,4276
125,live,8,15,879
125,live,16,31,2588
125,live,32,63,23310
125,live,64,127,8299
125,live,128,255,0
125,live,256,,0
125,removed,0,0,18718
125,removed,1,1,18756
125,removed,2,3,10184
125,removed,4,7,1625
125,removed,8,15,513
125,removed,16,31,997
125,removed,32,63,8964
125,removed,64,127,2027
125,removed,128,255,0
125,removed,256,,0
126,live,0,0,0
126,live,1,1,33906
126,live,2,3,24135
126,live,4,7,8202
126,live,8,15,682
126,live,16,31,1902
126,live,32,63,18971
126,live,64,127,7321
126,live,128,255,0
126,live,256,,0
126,removed,0,0,18729
126,removed,1,1,13332
126,removed,2,3,9200
126,removed,4,7,1962
126,removed,8,15,253
126,removed,16,31,607
126,removed,32,63,4471
126,removed,64,127,998
126,removed,128,255,0
126,removed,256,,0
127,live,0,0,0
127,live,1,1,28412
127,live,2,3,25864
127,live,4,7,11255
127,live,8,15,610
127,live,16,31,1359
127,live,32,63,14520
127,live,64,127,5986
127,live,128,255,0
127,live,256,,0
127,removed,0,0,18654
127,removed,1,1,16425
127,removed,2,3,9627
127,removed,4,7,2885
127,removed,8,15,214
127,removed,16,31,484
127,removed,32,63,4545
127,removed,64,127,1345
127,removed,128,255,0
127,removed,256,,0
128,live,0,0,0
128,live,1,1,34675
128,live,2,3,29486
128,live,4,7,13835
128,live,8,15,616
128,live,16,31,1060
128,live,32,63,12456
128,live,64,127,5352
128,live,128,255,1
128,live,256,,0
128,removed,0,0,17491
128,removed,1,1,12120
128,removed,2,3,7568
128,removed,4,7,2307
128,removed,8,15,176
128,removed,16,31,256
128,removed,32,63,2130
128,removed,64,127,643
128,removed,128,255,0
128,removed,256,,0
129,live,0,0,0
129,live,1,1,34610
129,live,2,3,30579
129,live,4,7,18117
129,live,8,15,780
129,live,16,31,760
129,live,32,63,10394
129,live,64,127,4585
129,live,128,255,17
129,live,256,,0
129,removed,0,0,16922
129,removed,1,1,15291
129,removed,2,3,10050
129,removed,4,7,3582
129,removed,8,15,186
129,removed,16,31,254
129,removed,32,63,2129
129,removed,64,127,757
129,removed,128,255,0
129,removed,256,,0
130,live,0,0,0
130,live,1,1,35531
130,live,2,3,38973
130,live,4,7,23416
130,live,8,15,2804
130,live,16,31,682
130,live,32,63,10136
130,live,64,127,4514
130,live,128,255,50
130,live,256,,0
130,removed,0,0,16094
130,removed,1,1,10932
130,removed,2,3,6206
130,removed,4,7,1583
130,removed,8,15,145
130,removed,16,31,38
130,removed,32,63,310
130,removed,64,127,53
130,removed,128,255,0
130,removed,256,,0
131,live,0,0,0
131,live,1,1,34266
131,live,2,3,38404
131,live,4,7,28481
131,live,8,15,5307
131,live,16,31,554
131,live,32,63,9617
131,live,64,127,4363
131,live,128,255,89
131,live,256,,0
131,removed,0,0,17345
131,removed,1,1,15605
131,removed,2,3,9131
131,removed,4,7,3489
131,removed,8,15,284
131,removed,16,31,81
131,removed,32,63,581
131,removed,64,127,119
131,removed,128,255,1
131,removed,256,,0
132,live,0,0,0
132,live,1,1,35469
132,live,2,3,34955
132,live,4,7,36696
132,live,8,15,8277
132,live,16,31,488
132,live,32,63,9489
132,live,64,127,4337
132,live,128,255,89
132,live,256,,0
132,removed,0,0,16134
132,removed,1,1,14408
132,removed,2,3,8754
132,removed,4,7,3035
132,removed,8,15,311
132,removed,16,31,28
132,removed,32,63,182
132,removed,64,127,31
132,removed,128,255,1
132,removed,256,,0
133,live,0,0,0
133,live,1,1,34466
133,live,2,3,35522
133,live,4,7,39407
133,live,8,15,13843
133,live,16,31,422
133,live,32,63,9450
133,live,64,127,4317
133,live,128,255,98
133,live,256,,0
133,removed,0,0,16987
133,removed,1,1,14618
133,removed,2,3,8896
133,removed,4,7,2828
133,removed,8,15,258
133,removed,16,31,25
133,removed,32,63,100
133,removed,64,127,16
133,removed,128,255,0
133,removed,256,,0
134,live,0,0,0
134,live,1,1,33732
134,live,2,3,36238
134,live,4,7,40830
134,live,8,15,19409
134,live,16,31,393
134,live,32,63,9443
134,live,64,127,4318
134,live,128,255,101
134,live,256,,0
134,removed,0,0,17666
134,removed,1,1,13115
134,removed,2,3,9815
134,removed,4,7,3588
134,removed,8,15,217
134,removed,16,31,5
134,removed,32,63,49
134,removed,64,127,4
134,removed,128,255,0
134,removed,256,,0
135,live,0,0,0
135,live,1,1,33992
135,live,2,3,34958
135,live,4,7,39696
135,live,8,15,27096
135,live,16,31,387
135,live,32,63,9473
135,live,64,127,4318
135,live,128,255,102
135,live,256,,0
135,removed,0,0,17399
135,removed,1,1,14877
135,removed,2,3,9343
135,removed,4,7,3894
135,removed,8,15,302
135,removed,16,31,1
135,removed,32,63,16
135,removed,64,127,1
135,removed,128,255,0
135,removed,256,,0
136,live,0,0,0
136,live,1,1,34232
136,live,2,3,32800
136,live,4,7,35802
136,live,8,15,37342
136,live,16,31,444
136,live,32,63,9489
136,live,64,127,4318
136,live,128,255,104
136,live,256,,0
136,removed,0,0,17328
136,removed,1,1,14394
136,removed,2,3,9911
136,removed,4,7,4869
136,removed,8,15,532
136,removed,16,31,6
136,removed,32,63,10
136,removed,64,127,1
136,removed,128,255,0
136,removed,256,,0
137,live,0,0,0
137,live,1,1,33904
137,live,2,3,33458
137,live,4,7,33046
137,live,8,15,43615
137,live,16,31,550
137,live,32,63,9501
137,live,64,127,4323
137,live,128,255,104
137,live,256,,0
137,removed,0,0,17487
137,removed,1,1,14970
137,removed,2,3,9594
137,removed,4,7,4666
137,removed,8,15,684
137,removed,16,31,7
137,removed,32,63,13
137,removed,64,127,0
137,removed,128,255,0
137,removed,256,,0
138,live,0,0,0
138,live,1,1,33282
138,live,2,3,33439
138,live,4,7,31911
138,live,8,15,46554
138,live,16,31,2362
138,live,32,63,9501
138,live,64,127,4326
138,live,128,255,104
138,live,256,,0
138,removed,0,0,18337
138,removed,1,1,14103
138,removed,2,3,9667
138,removed,4,7,5473
138,removed,8,15,1027
138,removed,16,31,16
138,removed,32,63,18
138,removed,64,127,0
138,removed,128,255,0
138,removed,256,,0
139,live,0,0,0
139,live,1,1,33439
139,live,2,3,33578
139,live,4,7,31398
139,live,8,15,48581
139,live,16,31,4848
139,live,32,63,9513
139,live,64,127,4325
139,live,128,255,105
139,live,256,,0
139,removed,0,0,17952
139,removed,1,1,14120
139,removed,2,3,9091
139,removed,4,7,4816
139,removed,8,15,1097
139,removed,16,31,0
139,removed,32,63,3
139,removed,64,127,4
139,removed,128,255,0
139,removed,256,,0
140,live,0,0,0
140,live,1,1,32724
140,live,2,3,32427
140,live,4,7,28386
140,live,8,15,50098
140,live,16,31,7828
140,live,32,63,9508
140,live,64,127,4341
140,live,128,255,104
140,live,256,,0
140,removed,0,0,19054
140,removed,1,1,14001
140,removed,2,3,10788
140,removed,4,7,6349
140,removed,8,15,1930
140,removed,16,31,14
140,removed,32,63,10
140,removed,64,127,2
140,removed,128,255,1
140,removed,256,,0
141,live,0,0,0
141,live,1,1,32052
141,live,2,3,31876
141,live,4,7,28103
141,live,8,15,46218
141,live,16,31,13262
141,live,32,63,9509
141,live,64,127,4376
141,live,128,255,104
141,live,256,,0
141,removed,0,0,19317
141,removed,1,1,14303
141,removed,2,3,10205
141,removed,4,7,5584
141,removed,8,15,1853
141,removed,16,31,20
141,removed,32,63,1
141,removed,64,127,2
141,removed,128,255,0
141,removed,256,,0
142,live,0,0,0
142,live,1,1,31733
142,live,2,3,30929
142,live,4,7,27032
142,live,8,15,43017
142,live,16,31,18394
142,live,32,63,9447
142,live,64,127,4449
142,live,128,255,104
142,live,256,,0
142,removed,0,0,20106
142,removed,1,1,13534
142,removed,2,3,10047
142,removed,4,7,6303
142,removed,8,15,2185
142,removed,16,31,51
142,removed,32,63,3
142,removed,64,127,4
142,removed,128,255,1
142,removed,256,,0
143,live,0,0,0
143,live,1,1,28207
143,live,2,3,29434
143,live,4,7,24810
143,live,8,15,37148
143,live,16,31,25286
143,live,32,63,9183
143,live,64,127,4722
143,live,128,255,104
143,live,256,,0
143,removed,0,0,23741
143,removed,1,1,14223
143,removed,2,3,10726
143,removed,4,7,6515
143,removed,8,15,2886
143,removed,16,31,58
143,removed,32,63,7
143,removed,64,127,2
143,removed,128,255,1
143,removed,256,,0
144,live,0,0,0
144,live,1,1,28363
144,live,2,3,30204
144,live,4,7,25240
144,live,8,15,29129
144,live,16,31,34624
144,live,32,63,8450
144,live,64,127,5434
144,live,128,255,105
144,live,256,,0
144,removed,0,0,23310
144,removed,1,1,10210
144,removed,2,3,8119
144,removed,4,7,4822
144,removed,8,15,2386
144,removed,16,31,138
144,removed,32,63,26
144,removed,64,127,7
144,removed,128,255,0
144,removed,256,,0
145,live,0,0,0
145,live,1,1,26928
145,live,2,3,28413
145,live,4,7,25628
145,live,8,15,24162
145,live,16,31,39734
145,live,32,63,7412
145,live,64,127,6478
145,live,128,255,110
145,live,256,,0
145,removed,0,0,24765
145,removed,1,1,12639
145,removed,2,3,8376
145,removed,4,7,5501
145,removed,8,15,2987
145,removed,16,31,106
145,removed,32,63,2
145,removed,64,127,1
145,removed,128,255,0
145,removed,256,,0
146,live,0,0,0
146,live,1,1,26459
146,live,2,3,24946
146,live,4,7,26725
146,live,8,15,21603
146,live,16,31,43120
146,live,32,63,6278
146,live,64,127,7619
146,live,128,255,112
146,live,256,,0
146,removed,0,0,25234
146,removed,1,1,12027
146,removed,2,3,8533
146,removed,4,7,4987
146,removed,8,15,2705
146,removed,16,31,202
146,removed,32,63,5
146,removed,64,127,3
146,removed,128,255,0
146,removed,256,,0
147,live,0,0,0
147,live,1,1,26138
147,live,2,3,23783
147,live,4,7,25701
147,live,8,15,19095
147,live,16,31,45720
147,live,32,63,5005
147,live,64,127,8905
147,live,128,255,112
147,live,256,,0
147,removed,0,0,25559
147,removed,1,1,12176
147,removed,2,3,8507
147,removed,4,7,4767
147,removed,8,15,2878
147,removed,16,31,208
147,removed,32,63,1
147,removed,64,127,4
147,removed,128,255,0
147,removed,256,,0
148,live,0,0,0
148,live,1,1,25542
148,live,2,3,22644
148,live,4,7,23944
148,live,8,15,16797
148,live,16,31,48305
148,live,32,63,3047
148,live,64,127,10653
148,live,128,255,110
148,live,256,,0
148,removed,0,0,26148
148,removed,1,1,12230
148,removed,2,3,8308
148,removed,4,7,4579
148,removed,8,15,2445
148,removed,16,31,1167
148,removed,32,63,104
148,removed,64,127,124
148,removed,128,255,2
148,removed,256,,0
149,live,0,0,0
149,live,1,1,25110
149,live,2,3,21815
149,live,4,7,20816
149,live,8,15,18194
149,live,16,31,47880
149,live,32,63,1837
149,live,64,127,11816
149,live,128,255,111
149,live,256,,0
149,removed,0,0,26599
149,removed,1,1,12292
149,removed,2,3,8157
149,removed,4,7,4557
149,removed,8,15,2374
149,removed,16,31,1124
149,removed,32,63,20
149,removed,64,127,49
149,removed,128,255,0
149,removed,256,,0
150,live,0,0,0
150,live,1,1,24561
150,live,2,3,20733
150,live,4,7,16956
150,live,8,15,20436
150,live,16,31,48170
150,live,32,63,1473
150,live,64,127,12105
150,live,128,255,114
150,live,256,,0
150,removed,0,0,27135
150,removed,1,1,12335
150,removed,2,3,8084
150,removed,4,7,4019
150,removed,8,15,2252
150,removed,16,31,807
150,removed,32,63,14
150,removed,64,127,81
150,removed,128,255,0
150,removed,256,,0
151,live,0,0,0
151,live,1,1,23233
151,live,2,3,19246
151,live,4,7,15264
151,live,8,15,19190
151,live,16,31,48701
151,live,32,63,1224
151,live,64,127,12311
151,live,128,255,117
151,live,256,,0
151,removed,0,0,28517
151,removed,1,1,12740
151,removed,2,3,8189
151,removed,4,7,4498
151,removed,8,15,2352
151,removed,16,31,635
151,removed,32,63,8
151,removed,64,127,72
151,removed,128,255,1
151,removed,256,,0
152,live,0,0,0
152,live,1,1,23780
152,live,2,3,18318
152,live,4,7,13769
152,live,8,15,18405
152,live,16,31,48963
152,live,32,63,1213
152,live,64,127,12346
152,live,128,255,119
152,live,256,,0
152,removed,0,0,27960
152,removed,1,1,11771
152,removed,2,3,7558
152,removed,4,7,4055
152,removed,8,15,1994
152,removed,16,31,729
152,removed,32,63,1
152,removed,64,127,45
152,removed,128,255,0
152,removed,256,,0
153,live,0,0,0
153,live,1,1,23294
153,live,2,3,17415
153,live,4,7,11655
153,live,8,15,17116
153,live,16,31,49124
153,live,32,63,1316
153,live,64,127,12363
153,live,128,255,120
153,live,256,,0
153,removed,0,0,28500
153,removed,1,1,12627
153,removed,2,3,8004
153,removed,4,7,4357
153,removed,8,15,2374
153,removed,16,31,440
153,removed,32,63,0
153,removed,64,127,2
153,removed,128,255,0
153,removed,256,,0
154,live,0,0,0
154,live,1,1,21790
154,live,2,3,16516
154,live,4,7,10717
154,live,8,15,15722
154,live,16,31,48222
154,live,32,63,2983
154,live,64,127,12277
154,live,128,255,121
154,live,256,,0
154,removed,0,0,30010
154,removed,1,1,12776
154,removed,2,3,7578
154,removed,4,7,3183
154,removed,8,15,1615
154,removed,16,31,576
154,removed,32,63,4
154,removed,64,127,113
154,removed,128,255,0
154,removed,256,,0
155,live,0,0,0
155,live,1,1,21672
155,live,2,3,15682
155,live,4,7,9732
155,live,8,15,14444
155,live,16,31,46221
155,live,32,63,5289
155,live,64,127,12295
155,live,128,255,123
155,live,256,,0
155,removed,0,0,30187
155,removed,1,1,11806
155,removed,2,3,7226
155,removed,4,7,3178
155,removed,8,15,1707
155,removed,16,31,604
155,removed,32,63,9
155,removed,64,127,32
155,removed,128,255,0
155,removed,256,,0
156,live,0,0,0
156,live,1,1,20881
156,live,2,3,14459
156,live,4,7,8923
156,live,8,15,12623
156,live,16,31,44758
156,live,32,63,7854
156,live,64,127,12363
156,live,128,255,131
156,live,256,,0
156,removed,0,0,31108
156,removed,1,1,12471
156,removed,2,3,7130
156,removed,4,7,2831
156,removed,8,15,1248
156,removed,16,31,657
156,removed,32,63,8
156,removed,64,127,2
156,removed,128,255,0
156,removed,256,,0
157,live,0,0,0
157,live,1,1,20032
157,live,2,3,13700
157,live,4,7,7791
157,live,8,15,10074
157,live,16,31,41403
157,live,32,63,13006
157,live,64,127,12380
157,live,128,255,133
157,live,256,,0
157,removed,0,0,32020
157,removed,1,1,11990
157,removed,2,3,6750
157,removed,4,7,2884
157,removed,8,15,1236
157,removed,16,31,566
157,removed,32,63,45
157,removed,64,127,34
157,removed,128,255,0
157,removed,256,,0
158,live,0,0,0
158,live,1,1,18450
158,live,2,3,12135
158,live,4,7,6963
158,live,8,15,6297
158,live,16,31,39992
158,live,32,63,16776
158,live,64,127,12335
158,live,128,255,133
158,live,256,,0
158,removed,0,0,33792
158,removed,1,1,12237
158,removed,2,3,6761
158,removed,4,7,2447
158,removed,8,15,1154
158,removed,16,31,1024
158,removed,32,63,155
158,removed,64,127,109
158,removed,128,255,1
158,removed,256,,0
159,live,0,0,0
159,live,1,1,18470
159,live,2,3,11429
159,live,4,7,6203
159,live,8,15,5666
159,live,16,31,33362
159,live,32,63,23178
159,live,64,127,12307
159,live,128,255,138
159,live,256,,0
159,removed,0,0,33977
159,removed,1,1,11083
159,removed,2,3,5663
159,removed,4,7,2324
159,removed,8,15,887
159,removed,16,31,604
159,removed,32,63,160
159,removed,64,127,77
159,removed,128,255,0
159,removed,256,,0
160,live,0,0,0
160,live,1,1,18278
160,live,2,3,10953
160,live,4,7,5567
160,live,8,15,5155
160,live,16,31,25925
160,live,32,63,30358
160,live,64,127,12351
160,live,128,255,139
160,live,256,,0
160,removed,0,0,34551
160,removed,1,1,11116
160,removed,2,3,5615
160,removed,4,7,2068
160,removed,8,15,735
160,removed,16,31,769
160,removed,32,63,1
160,removed,64,127,1
160,removed,128,255,0
160,removed,256,,0
161,live,0,0,0
161,live,1,1,17963
161,live,2,3,10181
161,live,4,7,4952
161,live,8,15,4686
161,live,16,31,20973
161,live,32,63,34720
161,live,64,127,12273
161,live,128,255,145
161,live,256,,0
161,removed,0,0,35346
161,removed,1,1,11463
161,removed,2,3,5698
161,removed,4,7,1840
161,removed,8,15,598
161,removed,16,31,760
161,removed,32,63,310
161,removed,64,127,127
161,removed,128,255,0
161,removed,256,,0
162,live,0,0,0
162,live,1,1,17537
162,live,2,3,9658
162,live,4,7,4499
162,live,8,15,4258
162,live,16,31,17001
162,live,32,63,37154
162,live,64,127,12167
162,live,128,255,166
162,live,256,,0
162,removed,0,0,36616
162,removed,1,1,11494
162,removed,2,3,5138
162,removed,4,7,1711
162,removed,8,15,525
162,removed,16,31,1503
162,removed,32,63,482
162,removed,64,127,134
162,removed,128,255,3
162,removed,256,,0
163,live,0,0,0
163,live,1,1,18518
163,live,2,3,9169
163,live,4,7,4043
163,live,8,15,3788
163,live,16,31,12767
163,live,32,63,39233
163,live,64,127,12177
163,live,128,255,181
163,live,256,,0
163,removed,0,0,36775
163,removed,1,1,11144
163,removed,2,3,5180
163,removed,4,7,1629
163,removed,8,15,524
163,removed,16,31,2337
163,removed,32,63,233
163,removed,64,127,35
163,removed,128,255,0
163,removed,256,,0
164,live,0,0,0
164,live,1,1,19218
164,live,2,3,9166
164,live,4,7,3787
164,live,8,15,3190
164,live,16,31,7399
164,live,32,63,40946
164,live,64,127,12107
164,live,128,255,234
164,live,256,,0
164,removed,0,0,37089
164,removed,1,1,12245
164,removed,2,3,4728
164,removed,4,7,1359
164,removed,8,15,643
164,removed,16,31,3245
164,removed,32,63,755
164,removed,64,127,72
164,removed,128,255,0
164,removed,256,,0
165,live,0,0,0
165,live,1,1,28818
165,live,2,3,12043
165,live,4,7,3664
165,live,8,15,2703
165,live,16,31,5986
165,live,32,63,37090
165,live,64,127,11945
165,live,128,255,374
165,live,256,,0
165,removed,0,0,27597
165,removed,1,1,10537
165,removed,2,3,4196
165,removed,4,7,1348
165,removed,8,15,542
165,removed,16,31,1625
165,removed,32,63,3908
165,removed,64,127,86
165,removed,128,255,0
165,removed,256,,0
166,live,0,0,0
166,live,1,1,31437
166,live,2,3,14111
166,live,4,7,3507
166,live,8,15,1880
166,live,16,31,4073
166,live,32,63,28919
166,live,64,127,10436
166,live,128,255,651
166,live,256,,0
166,removed,0,0,23606
166,removed,1,1,18595
166,removed,2,3,6535
166,removed,4,7,1473
166,removed,8,15,884
166,removed,16,31,1971
166,removed,32,63,8313
166,removed,64,127,1238
166,removed,128,255,37
166,removed,256,,0
167,live,0,0,0
167,live,1,1,34679
167,live,2,3,21712
167,live,4,7,3819
167,live,8,15,1548
167,live,16,31,3209
167,live,32,63,24388
167,live,64,127,9178
167,live,128,255,1130
167,live,256,,0
167,removed,0,0,21038
167,removed,1,1,14656
167,removed,2,3,7211
167,removed,4,7,1377
167,removed,8,15,444
167,removed,16,31,892
167,removed,32,63,4634
167,removed,64,127,771
167,removed,128,255,45
167,removed,256,,0
168,live,0,0,0
168,live,1,1,25255
168,live,2,3,24987
168,live,4,7,4326
168,live,8,15,1072
168,live,16,31,2320
168,live,32,63,16340
168,live,64,127,6589
168,live,128,255,1001
168,live,256,,0
168,removed,0,0,20434
168,removed,1,1,18950
168,removed,2,3,10188
168,removed,4,7,1530
168,removed,8,15,564
168,removed,16,31,925
168,removed,32,63,8135
168,removed,64,127,2398
168,removed,128,255,338
168,removed,256,,0
169,live,0,0,0
169,live,1,1,34704
169,live,2,3,22818
169,live,4,7,8532
169,live,8,15,951
169,live,16,31,1911
169,live,32,63,13877
169,live,64,127,5621
169,live,128,255,1419
169,live,256,,0
169,removed,0,0,19413
169,removed,1,1,12715
169,removed,2,3,8555
169,removed,4,7,1700
169,removed,8,15,275
169,removed,16,31,433
169,removed,32,63,2521
169,removed,64,127,497
169,removed,128,255,65
169,removed,256,,0
170,live,0,0,0
170,live,1,1,28483
170,live,2,3,25901
170,live,4,7,11146
170,live,8,15,833
170,live,16,31,1415
170,live,32,63,10448
170,live,64,127,4382
170,live,128,255,1553
170,live,256,,0
170,removed,0,0,19571
170,removed,1,1,16660
170,removed,2,3,9124
170,removed,4,7,2980
170,removed,8,15,305
170,removed,16,31,446
170,removed,32,63,3527
170,removed,64,127,929
170,removed,128,255,184
170,removed,256,,0
171,live,0,0,0
171,live,1,1,35880
171,live,2,3,29015
171,live,4,7,13386
171,live,8,15,962
171,live,16,31,1220
171,live,32,63,9193
171,live,64,127,3905
171,live,128,255,1514
171,live,256,,0
171,removed,0,0,17174
171,removed,1,1,12615
171,removed,2,3,7753
171,removed,4,7,2401
171,removed,8,15,187
171,removed,16,31,187
171,removed,32,63,1304
171,removed,64,127,375
171,removed,128,255,144
171,removed,256,,0
172,live,0,0,0
172,live,1,1,32993
172,live,2,3,29825
172,live,4,7,16522
172,live,8,15,1061
172,live,16,31,918
172,live,32,63,7224
172,live,64,127,3063
172,live,128,255,1209
172,live,256,,0
172,removed,0,0,17720
172,removed,1,1,17066
172,removed,2,3,10545
172,removed,4,7,3934
172,removed,8,15,255
172,removed,16,31,266
172,removed,32,63,2038
172,removed,64,127,811
172,removed,128,255,338
172,removed,256,,0
173,live,0,0,0
173,live,1,1,35307
173,live,2,3,35557
173,live,4,7,20258
173,live,8,15,2899
173,live,16,31,784
173,live,32,63,6772
173,live,64,127,2968
173,live,128,255,1222
173,live,256,,0
173,removed,0,0,16766
173,removed,1,1,11264
173,removed,2,3,7482
173,removed,4,7,2670
173,removed,8,15,248
173,removed,16,31,120
173,removed,32,63,484
173,removed,64,127,75
173,removed,128,255,12
173,removed,256,,0
174,live,0,0,0
174,live,1,1,35380
174,live,2,3,37131
174,live,4,7,24089
174,live,8,15,4306
174,live,16,31,585
174,live,32,63,6197
174,live,64,127,2677
174,live,128,255,1186
174,live,256,,0
174,removed,0,0,16393
174,removed,1,1,15592
174,removed,2,3,8852
174,removed,4,7,3542
174,removed,8,15,488
174,removed,16,31,120
174,removed,32,63,675
174,removed,64,127,272
174,removed,128,255,55
174,removed,256,,0
175,live,0,0,0
175,live,1,1,34539
175,live,2,3,34424
175,live,4,7,32608
175,live,8,15,6782
175,live,16,31,526
175,live,32,63,6086
175,live,64,127,2637
175,live,128,255,1188
175,live,256,,0
175,removed,0,0,17004
175,removed,1,1,14886
175,removed,2,3,8986
175,removed,4,7,2862
175,removed,8,15,337
175,removed,16,31,30
175,removed,32,63,160
175,removed,64,127,33
175,removed,128,255,6
175,removed,256,,0
176,live,0,0,0
176,live,1,1,34102
176,live,2,3,37768
176,live,4,7,36323
176,live,8,15,10435
176,live,16,31,501
176,live,32,63,6067
176,live,64,127,2628
176,live,128,255,1194
176,live,256,,0
176,removed,0,0,17383
176,removed,1,1,12491
176,removed,2,3,8136
176,removed,4,7,2956
176,removed,8,15,213
176,removed,16,31,6
176,removed,32,63,69
176,removed,64,127,2
176,removed,128,255,1
176,removed,256,,0
177,live,0,0,0
177,live,1,1,34377
177,live,2,3,37839
177,live,4,7,39312
177,live,8,15,15847
177,live,16,31,499
177,live,32,63,6038
177,live,64,127,2614
177,live,128,255,1210
177,live,256,,0
177,removed,0,0,17011
177,removed,1,1,13338
177,removed,2,3,8515
177,removed,4,7,3422
177,removed,8,15,313
177,removed,16,31,7
177,removed,32,63,64
177,removed,64,127,0
177,removed,128,255,0
177,removed,256,,0
178,live,0,0,0
178,live,1,1,34147
178,live,2,3,37061
178,live,4,7,42963
178,live,8,15,21589
178,live,16,31,512
178,live,32,63,6072
178,live,64,127,2603
178,live,128,255,1223
178,live,256,,0
178,removed,0,0,17185
178,removed,1,1,12796
178,removed,2,3,8635
178,removed,4,7,3974
178,removed,8,15,296
178,removed,16,31,6
178,removed,32,63,6
178,removed,64,127,0
178,removed,128,255,0
178,removed,256,,0
179,live,0,0,0
179,live,1,1,32840
179,live,2,3,36108
179,live,4,7,38079
179,live,8,15,31669
179,live,16,31,555
179,live,32,63,6109
179,live,64,127,2582
179,live,128,255,1242
179,live,256,,0
179,removed,0,0,18481
179,removed,1,1,13746
179,removed,2,3,10447
179,removed,4,7,4944
179,removed,8,15,660
179,removed,16,31,11
179,removed,32,63,13
179,removed,64,127,2
179,removed,128,255,3
179,removed,256,,0
180,live,0,0,0
180,live,1,1,29733
180,live,2,3,34996
180,live,4,7,39356
180,live,8,15,36759
180,live,16,31,629
180,live,32,63,6110
180,live,64,127,2569
180,live,128,255,1255
180,live,256,,0
180,removed,0,0,21912
180,removed,1,1,12278
180,removed,2,3,9623
180,removed,4,7,4516
180,removed,8,15,1051
180,removed,16,31,10
180,removed,32,63,30
180,removed,64,127,0
180,removed,128,255,2
180,removed,256,,0
181,live,0,0,0
181,live,1,1,29827
181,live,2,3,33514
181,live,4,7,37955
181,live,8,15,41280
181,live,16,31,2132
181,live,32,63,6100
181,live,64,127,2550
181,live,128,255,1261
181,live,256,,0
181,removed,0,0,21848
181,removed,1,1,11311
181,removed,2,3,8870
181,removed,4,7,5118
181,removed,8,15,1247
181,removed,16,31,12
181,removed,32,63,42
181,removed,64,127,7
181,removed,128,255,8
181,removed,256,,0
182,live,0,0,0
182,live,1,1,28345
182,live,2,3,29995
182,live,4,7,35765
182,live,8,15,47026
182,live,16,31,3671
182,live,32,63,6102
182,live,64,127,2541
182,live,128,255,1264
182,live,256,,0
182,removed,0,0,23331
182,removed,1,1,13021
182,removed,2,3,8610
182,removed,4,7,5173
182,removed,8,15,1379
182,removed,16,31,31
182,removed,32,63,31
182,removed,64,127,10
182,removed,128,255,0
182,removed,256,,0
183,live,0,0,0
183,live,1,1,28381
183,live,2,3,27903
183,live,4,7,35731
183,live,8,15,48417
183,live,16,31,5924
183,live,32,63,6060
183,live,64,127,2530
183,live,128,255,1261
183,live,256,,0
183,removed,0,0,23292
183,removed,1,1,11744
183,removed,2,3,8251
183,removed,4,7,4679
183,removed,8,15,2046
183,removed,16,31,80
183,removed,32,63,61
183,removed,64,127,17
183,removed,128,255,5
183,removed,256,,0
184,live,0,0,0
184,live,1,1,28154
184,live,2,3,27300
184,live,4,7,32443
184,live,8,15,48528
184,live,16,31,8960
184,live,32,63,5851
184,live,64,127,2465
184,live,128,255,1215
184,live,256,,0
184,removed,0,0,23509
184,removed,1,1,12058
184,removed,2,3,8853
184,removed,4,7,4564
184,removed,8,15,3284
184,removed,16,31,344
184,removed,32,63,211
184,removed,64,127,75
184,removed,128,255,56
184,removed,256,,0
185,live,0,0,0
185,live,1,1,28116
185,live,2,3,26713
185,live,4,7,29444
185,live,8,15,48136
185,live,16,31,12877
185,live,32,63,5791
185,live,64,127,2452
185,live,128,255,1210
185,live,256,,0
185,removed,0,0,23570
185,removed,1,1,12009
185,removed,2,3,8788
185,removed,4,7,4664
185,removed,8,15,2572
185,removed,16,31,157
185,removed,32,63,66
185,removed,64,127,21
185,removed,128,255,16
185,removed,256,,0
186,live,0,0,0
186,live,1,1,26996
186,live,2,3,25559
186,live,4,7,24957
186,live,8,15,48008
186,live,16,31,17656
186,live,32,63,5420
186,live,64,127,2791
186,live,128,255,1186
186,live,256,,0
186,removed,0,0,24674
186,removed,1,1,12876
186,removed,2,3,8888
186,removed,4,7,4853
186,removed,8,15,2240
186,removed,16,31,224
186,removed,32,63,41
186,removed,64,127,11
186,removed,128,255,29
186,removed,256,,0
187,live,0,0,0
187,live,1,1,26720
187,live,2,3,24717
187,live,4,7,21199
187,live,8,15,44071
187,live,16,31,24536
187,live,32,63,4929
187,live,64,127,3215
187,live,128,255,1184
187,live,256,,0
187,removed,0,0,24976
187,removed,1,1,12127
187,removed,2,3,8542
187,removed,4,7,5211
187,removed,8,15,2435
187,removed,16,31,317
187,removed,32,63,66
187,removed,64,127,19
187,removed,128,255,5
187,removed,256,,0
188,live,0,0,0
188,live,1,1,26646
188,live,2,3,24657
188,live,4,7,20867
188,live,8,15,40782
188,live,16,31,28846
188,live,32,63,4344
188,live,64,127,3812
188,live,128,255,1185
188,live,256,,0
188,removed,0,0,25024
188,removed,1,1,11845
188,removed,2,3,7842
188,removed,4,7,4340
188,removed,8,15,1893
188,removed,16,31,148
188,removed,32,63,5
188,removed,64,127,5
188,removed,128,255,0
188,removed,256,,0
189,live,0,0,0
189,live,1,1,25843
189,live,2,3,23626
189,live,4,7,19908
189,live,8,15,36028
189,live,16,31,34068
189,live,32,63,3361
189,live,64,127,4798
189,live,128,255,1184
189,live,256,,0
189,removed,0,0,25862
189,removed,1,1,12458
189,removed,2,3,8304
189,removed,4,7,4753
189,removed,8,15,2454
189,removed,16,31,184
189,removed,32,63,7
189,removed,64,127,5
189,removed,128,255,1
189,removed,256,,0
190,live,0,0,0
190,live,1,1,26263
190,live,2,3,22551
190,live,4,7,18781
190,live,8,15,30917
190,live,16,31,39922
190,live,32,63,2784
190,live,64,127,5381
190,live,128,255,1183
190,live,256,,0
190,removed,0,0,25430
190,removed,1,1,12153
190,removed,2,3,8326
190,removed,4,7,4705
190,removed,8,15,1981
190,removed,16,31,122
190,removed,32,63,5
190,removed,64,127,3
190,removed,128,255,2
190,removed,256,,0
191,live,0,0,0
191,live,1,1,25293
191,live,2,3,22146
191,live,4,7,17398
191,live,8,15,27403
191,live,16,31,43421
191,live,32,63,2189
191,live,64,127,5989
191,live,128,255,1184
191,live,256,,0
191,removed,0,0,26422
191,removed,1,1,12533
191,removed,2,3,8359
191,removed,4,7,4419
191,removed,8,15,2545
191,removed,16,31,194
191,removed,32,63,0
191,removed,64,127,2
191,removed,128,255,0
191,removed,256,,0
192,live,0,0,0
192,live,1,1,25200
192,live,2,3,21416
192,live,4,7,16691
192,live,8,15,23411
192,live,16,31,47714
192,live,32,63,1111
192,live,64,127,7085
192,live,128,255,1182
192,live,256,,0
192,removed,0,0,26493
192,removed,1,1,12101
192,removed,2,3,8105
192,removed,4,7,4018
192,removed,8,15,1963
192,removed,16,31,216
192,removed,32,63,4
192,removed,64,127,4
192,removed,128,255,2
192,removed,256,,0
193,live,0,0,0
193,live,1,1,24905
193,live,2,3,20401
193,live,4,7,15934
193,live,8,15,19619
193,live,16,31,51622
193,live,32,63,901
193,live,64,127,7316
193,live,128,255,1181
193,live,256,,0
193,removed,0,0,26814
193,removed,1,1,12715
193,removed,2,3,7966
193,removed,4,7,3840
193,removed,8,15,2098
193,removed,16,31,208
193,removed,32,63,0
193,removed,64,127,6
193,removed,128,255,3
193,removed,256,,0
194,live,0,0,0
194,live,1,1,24874
194,live,2,3,20266
194,live,4,7,14988
194,live,8,15,15106
194,live,16,31,55966
194,live,32,63,882
194,live,64,127,7383
194,live,128,255,1181
194,live,256,,0
194,removed,0,0,26855
194,removed,1,1,12236
194,removed,2,3,7574
194,removed,4,7,3811
194,removed,8,15,1959
194,removed,16,31,523
194,removed,32,63,0
194,removed,64,127,3
194,removed,128,255,1
194,removed,256,,0
195,live,0,0,0
195,live,1,1,23587
195,live,2,3,19108
195,live,4,7,13698
195,live,8,15,11560
195,live,16,31,59172
195,live,32,63,919
195,live,64,127,7409
195,live,128,255,1182
195,live,256,,0
195,removed,0,0,28196
195,removed,1,1,12893
195,removed,2,3,8301
195,removed,4,7,4113
195,removed,8,15,2005
195,removed,16,31,282
195,removed,32,63,0
195,removed,64,127,4
195,removed,128,255,0
195,removed,256,,0
196,live,0,0,0
196,live,1,1,22833
196,live,2,3,18330
196,live,4,7,12488
196,live,8,15,10764
196,live,16,31,59100
196,live,32,63,1003
196,live,64,127,7413
196,live,128,255,1184
196,live,256,,0
196,removed,0,0,28961
196,removed,1,1,12193
196,removed,2,3,7691
196,removed,4,7,3761
196,removed,8,15,1909
196,removed,16,31,792
196,removed,32,63,0
196,removed,64,127,7
196,removed,128,255,0
196,removed,256,,0
197,live,0,0,0
197,live,1,1,21334
197,live,2,3,15884
197,live,4,7,11011
197,live,8,15,9762
197,live,16,31,57877
197,live,32,63,2353
197,live,64,127,7413
197,live,128,255,1183
197,live,256,,0
197,removed,0,0,30511
197,removed,1,1,12970
197,removed,2,3,8319
197,removed,4,7,3801
197,removed,8,15,1830
197,removed,16,31,707
197,removed,32,63,1
197,removed,64,127,3
197,removed,128,255,1
197,removed,256,,0
198,live,0,0,0
198,live,1,1,21707
198,live,2,3,15562
198,live,4,7,10137
198,live,8,15,8772
198,live,16,31,56449
198,live,32,63,3778
198,live,64,127,7403
198,live,128,255,1185
198,live,256,,0
198,removed,0,0,30171
198,removed,1,1,11323
198,removed,2,3,6552
198,removed,4,7,3258
198,removed,8,15,1649
198,removed,16,31,726
198,removed,32,63,9
198,removed,64,127,14
198,removed,128,255,0
198,removed,256,,0
199,live,0,0,0
199,live,1,1,19891
199,live,2,3,13458
199,live,4,7,8592
199,live,8,15,7633
199,live,16,31,54570
199,live,32,63,5665
199,live,64,127,7399
199,live,128,255,1185
199,live,256,,0
199,removed,0,0,32082
199,removed,1,1,13073
199,removed,2,3,7633
199,removed,4,7,3454
199,removed,8,15,1639
199,removed,16,31,669
199,removed,32,63,10
199,removed,64,127,13
199,removed,128,255,0
199,removed,256,,0
200,live,0,0,0
200,live,1,1,20177
200,live,2,3,12921
200,live,4,7,7584
200,live,8,15,6759
200,live,16,31,51483
200,live,32,63,8865
200,live,64,127,7417
200,live,128,255,1186
200,live,256,,0
200,removed,0,0,31989
200,removed,1,1,11350
200,removed,2,3,6296
200,removed,4,7,2686
200,removed,8,15,1281
200,removed,16,31,552
200,removed,32,63,12
200,removed,64,127,1
200,removed,128,255,0
200,removed,256,,0
